Feature_1,Feature_2,Feature_3,Feature_4,Feature_5,Target
-0.22626087117375152,-0.45294274246073973,3.1183775490239873,2.8463938631217935,1.3738216640835592,1
-1.0262196387450275,-2.248388620270113,-1.2553813292295606,0.07076889090428762,-1.3332629931634195,0
0.7720947889752895,-0.030815618384576027,3.061312869584076,2.9322629944204013,1.9102518456542505,1
1.6149768189111484,1.8902234177234458,-0.0032615295215598916,-1.1232082692920695,0.3885065030591578,1
0.9955324690830808,-1.5833401914114726,-1.7463644247093013,0.9436223640567397,0.6514163105156043,0
1.6953884584519632,0.7360429238477333,0.9068818709973713,0.5141678443469743,0.8280516153451517,1
-1.0981454780308466,0.4917615742313428,-0.1433693726057219,1.7437535911126163,2.709836005155846,0
-0.20074916355286412,-1.4010456022882822,-2.3761730882735557,1.277447795580749,1.5885263484996748,0
-0.019749093534627345,-1.938936332401287,-2.090635628757359,-0.6596215486702126,-1.484092157629089,0
1.0037095238106777,-1.5441132276933134,-1.6247543515971985,1.3452046261597097,1.1196398018439233,0
1.9833862348517115,-1.1503245130442876,0.0954800616500524,0.06878090663871879,-1.0522350171740533,0
-0.5984259353435604,-1.7364361993272959,0.10329215388792257,1.2160752251807239,-0.1838055413363947,0
-3.471429891938383,-2.039175104476151,-2.183624337089409,2.38161750968149,2.2515256362214524,0
-0.1246177961901297,-0.38683762365688046,-0.312975037002161,0.4954279437541988,0.4249677256661569,0
-0.13525432539369245,-1.2044507153448627,-1.2148682934457178,1.7767738119575525,1.7479443456452812,0
0.9808534491374752,-0.5707977220412213,2.36027106667722,2.8991236191417764,1.750116802926982,1
-0.2074775226838726,-1.5282973164722788,-0.34499156941219333,1.2721260599911255,0.3315472615655577,0
0.9578822281769765,-0.3059828130712713,0.18777556147214858,-0.9192136075626038,-1.535000612461932,0
0.715658244757891,-0.5386205699578615,-0.7966568854496763,1.347795037260919,1.610005786187168,0
-0.9561768831496472,-0.09800804725096168,-0.9756919748258068,-1.5130175480563515,-1.4291555802230425,0
0.29186176200001496,-1.2908444000577455,-1.2630951048730636,0.28817079080616936,-0.15608115727063443,0
1.1466239165619274,3.3071509680724778,1.0246974242158085,-1.079029389347466,1.2072240034266413,1
-0.15060591943684326,-0.6541968616703288,-0.0795574252327711,0.44988018684475406,-0.013593328816313921,0
0.007964282647330446,-1.8428402509864117,-1.9301793705997756,1.3300160055740786,0.9890984709584268,0
-1.9593902260907439,-1.814946852334212,-1.9729746325850503,1.4984984783939608,1.2485326350279784,0
-2.3091837312848655,-1.332927336817074,-0.47412575829322945,0.3402010051300196,-0.570193257257976,0
-0.9474921349737745,-0.9283026322643756,1.6404577017466004,2.9640915160106123,1.8943584250327201,1
1.1115786571319681,0.9606630760971573,2.099623893082839,1.3868287832597566,1.460220903206332,1
-0.5280369978529553,0.772571454624726,1.7138317918019181,1.9013702696921913,2.1368410011713532,1
0.058351004285477494,0.428415017216244,-0.04094966391904409,1.1962132278654067,1.9128596881008066,0
-1.6054650897190463,0.09948784870180172,1.2742592177575038,1.817333263530445,1.6424681228889881,1
-0.7970028035821819,0.5608995568273745,2.191704103822274,1.8440648865719818,1.600131947975277,1
0.19223476419523094,0.8158262333094461,1.5898503822901882,1.0487111770788726,1.1872938548146559,1
0.15705458140944115,-1.4842244274540806,-2.7445736065575623,0.9822064304638661,1.3483235815312047,0
2.715946572312882,-0.9866095524848562,-0.8365350384156884,1.3892832824162828,1.2613693305293103,0
-0.744784206726527,-0.7440932003655374,-0.9695977799714619,1.8634430761234895,2.153157639501485,0
1.0458967154958694,-0.9606756914183565,-0.8042542487119364,0.5130710389830221,0.1792667471399565,0
-0.09343407091699951,-0.9602772356098569,-0.47548126867547513,1.1511126036494375,0.7893640669970583,0
-0.7095722929532247,-0.99146541392274,-1.4065120971294522,0.8984490977953388,0.9641917387110815,0
-0.8285154361374998,1.3511959026395837,1.1339757328724256,-0.034460793498633145,0.6000435384911239,1
-0.23794354734707465,1.6278914666816522,0.290362426092282,-0.7895177998374519,0.39233733081312927,1
0.4204524772475584,3.276423516009001,1.2528827962436384,-1.0597457239463122,1.0752215713574795,1
0.37109405131392204,-0.5941051784123192,-1.3869467192005844,-0.78303052107207,-0.7610939461605464,0
0.5845726279495681,-1.4553088069580893,-1.7435015549102049,-0.9239273771001841,-1.5496729313193107,0
0.48252404882859146,-0.915531512808039,-0.09913464421986284,0.6490285296244832,-0.0016721767701142198,1
0.4547951696423805,-0.8397139708927566,-0.043183079761292875,-1.9501021453144047,-3.190436261740453,0
-2.038961277005416,-2.548480743976423,-2.3320825899125524,1.123048063640711,0.29033958401600213,0
1.4985825720118682,-0.9822898882748312,2.36451242772367,3.261632313834562,1.8101663965638477,1
-0.10755913185890842,-1.8407628689013498,1.2283585307651368,2.3653915287838783,0.5195995889751552,1
-1.6173629501085678,-1.2385272138638421,-0.5054349081128068,-0.10637952887650169,-1.0185894454420956,0
0.33503712526246754,-2.2134391849526427,-1.6612250178054286,0.09202821892152603,-1.0480398828419153,0
-0.8051092398862925,-1.0153050330234288,-1.3394375460277859,0.5112612291384019,0.4233524279981271,0
0.5400242316169221,-1.5097602439751951,-1.2233902309812397,1.2981752234506851,0.8702332310866887,0
-1.4126684181710272,-1.0635838490688685,-1.0533777931957924,2.4574568550699705,2.636551150778323,0
-0.9644042546116923,-0.9765577744314934,-1.3734145354778413,1.2757214341698102,1.4285432078845166,0
-1.8037814217781782,0.3977755128737823,0.23959309669705875,0.32834009320015134,0.6496162770982696,0
0.579643229322647,-1.3744193300483505,-1.724121195533679,-0.22500589869507073,-0.6158679772828581,0
-0.1409279142776198,0.27494807345810324,0.8371600418678762,0.8223620900761927,0.815017491491395,1
0.3388146008107369,-0.6317397066905419,0.11753567752162386,-1.3884829419801161,-2.3860522280567267,0
-2.273496259115304,-1.2165850779920833,1.3951361707441232,3.136582565522096,1.9733852073209301,1
-1.2758320865699382,-1.392068750190946,-1.556443345802693,1.9260913427370805,1.9466563150492773,0
1.4550212227631638,-1.4286379690491582,-1.1153006433047656,1.2857182657260209,0.8710868217476407,0
-0.5922665308251153,-1.4721452513462847,-1.2015258016170567,-0.8723040469836275,-1.8030308878081456,0
-0.3618113392325675,-0.7438747635138933,-1.1588649503268245,1.8662942745928586,2.262236702609596,0
-0.0830336034927732,-0.39136565938691337,-0.20860332782157287,0.3300145409012807,0.15710739222560544,0
-0.8684410292521488,-0.10989023419511579,2.995694976240922,3.3294846412636923,2.3657165237252102,1
0.02313872309816787,-0.12074620616206833,-0.3180608890953741,0.4706515390181653,0.6478930655164412,0
-0.15582147432910282,-1.2531102189508663,-1.5368590856711597,-1.1359010420471896,-1.7373881864705736,0
0.23215594974203504,-2.9667534949350136,-1.5703327112373198,3.056370180612191,1.873975558974807,0
-0.5070756155235057,0.6731229706548226,1.0235229468125169,1.249850931725059,1.617814385615545,1
1.235121821948528,-1.2899725756555807,0.6487884039861893,3.6822173191012304,2.9974366705837543,1
0.08251269932318937,-0.5479797678395293,-0.512701161122416,0.8116922342234684,0.777111396923956,0
0.8415283420397591,-1.6391379414591338,0.7624186806907789,1.6040909311098426,0.023175676997246875,0
1.70501414720703,0.5135319758390866,1.180883677993325,1.0638368298164371,1.1486740627264882,1
1.6643170981246351,1.8705095860059404,1.5894367740843551,0.02379741650367236,0.9085695416498502,1
-1.8944730688369646,-0.19622637157428835,-1.8789877927189547,-1.2053395061345398,-0.6368032178699311,0
0.8635966592465905,-1.3273678788051662,-1.9127497043095945,0.10688243772834657,-0.054199965743985334,0
0.3300650008126215,-0.9348176172595062,-0.7160381880974385,0.9598690191662588,0.709645288446334,0
-0.5356133384254117,-2.8703033759352983,-2.494628750955395,1.897763236220667,1.0398691618936475,0
-1.6684515519110479,0.9921726724450922,0.9633529741078446,0.14728610303189313,0.5823023645318588,1
1.93470599843339,1.6038998316448394,0.6581147819445189,-0.1762353584213608,0.9269861311240382,1
1.4919196463452724,-0.8002469347652977,-0.9721067288501013,0.908639811992699,0.9153823547509438,0
0.6086074423567405,-2.025467649268448,-1.8508671800500411,0.3841232954934103,-0.4023836407985364,0
0.4079250175142854,-0.6319146226345952,0.8295632428320843,2.345373089924973,1.8563943496735966,1
-0.08488981850235336,-1.251704076102549,-0.9432265036278691,-1.031765304346231,-1.9370542939422215,0
0.2436370470275211,0.4064871984878625,1.6692016784598946,2.3272503577304757,2.345631425975152,1
-1.574979469433024,1.1086048324585214,-0.33192750625129386,-1.7801963813928647,-0.9817402231878884,1
-1.8356576328620369,-0.7649948861598203,-0.42132209222351524,0.943349989993549,0.6852196647101159,0
-0.21915601971306176,-2.2191618525115127,-1.610384284907798,1.4425645126175903,0.5961502941017749,0
-1.7438481166328978,-2.1636807154283595,0.1301384114897609,2.0944404597776463,0.48970226261564076,1
0.6333613148436524,-1.8274931638631853,-1.7369281258407328,0.8291168868671759,0.27371285264955414,0
-2.5583683832571023,-0.34889024366882804,-1.2879454072717107,-1.6610236454780147,-1.6757974377356262,0
0.19228267439904112,-0.9306282115070789,-1.0260496439920763,2.2983671420762057,2.54904602342014,0
-0.8427425900149415,-0.8439184471580732,-0.5547552133586191,1.3408909844766579,1.178963998566941,0
0.0495785204847066,-1.1508150001299984,-1.1807147736991508,0.17248771290440063,-0.21362705329464182,0
0.0038030761231874206,-0.05658394192171068,-0.6576690574446011,-2.477341640955077,-2.765143067726531,0
-1.1854623535951,1.5540136837174525,1.251097506807702,0.0008929329225996009,0.7700067129416126,1
-0.812727956918432,1.5583375889592497,1.9241242442098059,0.9410080537717402,1.5675113408823456,1
0.5289579363925203,-0.37544077995057135,-0.35296460170495736,0.8106701159022094,0.8496184973140299,0
0.15705360540145066,-1.3523344465852478,-2.331739428085308,1.0532881465739243,1.3312325775007814,0
1.1658060192083854,-1.6999185741286964,-1.841338266915539,0.3803544844052227,-0.10543433236519406,0
1.6022532256069097,-2.735489091797594,2.374698214801403,5.25841519693164,2.6323075283671056,1
-0.4632689556608324,-1.9788629123334993,-1.7452059642223343,2.4414547176477983,2.1387415093628634,0
-0.9521788067393494,-0.6465286500867986,-1.916930517549135,0.6580555418084615,1.2748030440266698,0
1.2133164091856419,-1.424973437931095,-1.8268900848408984,1.5942090241186715,1.6538179123917112,0
0.9970937554945338,1.251472356470955,0.3347585397394496,-0.49723377472403957,0.3758619190774235,1
1.677462930312606,1.4702017109543215,1.5978717483809142,0.8240819477072242,1.5207141063487835,1
-0.36958552891713703,-0.21332656047499787,-0.3291252859471684,-2.380255549759966,-2.975146495776242,0
0.069746848841049,1.540020318057,1.433339345082661,0.6357378785738237,1.4441111164486764,1
-1.4164976350794674,-0.4801673534355375,3.384834549544349,3.3298368729998034,1.8004852391429633,1
-1.0014370765050777,0.001127973907961044,1.447229543629249,1.6060838192035858,1.1910188791660212,1
-1.3283149514650507,0.3784817640317346,-0.14908365858757922,0.008751500913923368,0.4506813327504561,1
0.33184386325851556,-0.255418464243519,-1.3326204041702867,-1.6507570526736204,-1.5500527338133137,0
0.9519603635098018,0.4238277513688278,0.14907646515463902,1.1636509595437605,1.7623267809818635,0
0.20330294356907486,1.4307104306746834,0.6350808627737221,-1.179123565934556,-0.46945011847946594,1
-0.26971853155733616,-1.440266237059418,-1.2657875843291353,0.3687356197148099,-0.19536869911627242,0
0.9449716653887317,-0.11440146929344319,-0.6074659615040638,-0.43219902949101785,-0.30674908044068383,1
1.3196444944772996,0.9792037960587515,0.5276768464003856,-1.2154851591883375,-0.8805427355810729,1
2.1874888293742063,-0.5429960257193236,-0.8630967283375195,2.0998071096246838,2.577140442279403,1
-0.4785672420161137,-0.8340250353545983,-0.44541227067823486,-0.41324070219329784,-1.051858132113711,0
-0.30080331221692885,2.259557675504203,1.6157002590017604,-0.582210943032034,0.5078635053515472,1
-0.9980298371797204,-1.7607982048073259,-1.9092749795231172,0.891724214511255,0.5102907472764046,0
-1.661243162706422,0.8437748809604403,-0.43183505979778536,-0.9770896253064802,-0.17806318528184373,1
0.21181707897447793,-2.494334981262729,-1.793110868818764,1.1105766020145946,0.02594687529472761,0
-0.9438507054237175,-0.377153485444366,-0.25294412926255627,0.5288266555675415,0.4421836726878816,0
-0.25325491002521017,-0.7066042303715847,-0.6345978338065201,0.6019414887224078,0.43480455713756516,0
0.5150426732761878,-0.8408380617004423,-1.0038972947353295,0.13372904637097952,-0.06792951510954559,0
-1.1081645311908017,-1.38016176300901,-1.845258227318697,2.159549397707664,2.4086572022792203,0
0.23957654036320872,-0.6608328785095589,-0.662730678753338,0.9973190408809014,0.9848244614282058,0
2.1038060921274098,-0.8519288612828815,3.635767195748581,3.951537641065185,2.082720358676256,1
-0.642757302948558,-0.5578112216692568,0.661944224488336,1.478008551540342,0.9419473640855476,1
-0.3200919809443903,-0.648529817639297,-0.8295357061735575,-0.24701736093059898,-0.45668456793007617,1
-0.8643910709141808,0.9721490905056895,1.0769640589065506,0.8484547655929033,1.371314963246649,1
-0.04168080238989361,-0.9109048579533914,1.0218577771477546,2.303959835544549,1.4348897546893393,1
1.110302361982764,-0.3211644958024701,-0.344539575011396,1.8224618479310577,2.153132611262568,0
-0.27987308616602163,1.9209327755530445,0.6136053385173112,-0.9288580404794174,0.315618456304416,1
-1.0328692285870538,-3.0628793897330437,2.003603061931204,4.58492862112265,1.693432237967704,1
-0.17921047462538878,1.0617455620550897,0.8872513745895956,-0.16652422799990532,0.30037745974690344,0
-0.7431342647679838,-2.4548075236948947,-0.697034157993311,2.24870506264114,0.867214508906384,1
-1.0299346709057469,-0.4765476744617828,-0.5571161207950149,-2.3444329579510397,-3.051930400800984,0
0.06111560936738784,-1.1903071350342433,-1.7167846651834986,3.385870491239694,4.039715164323972,0
-0.13251667954189647,-1.8686199828960772,-1.6821517293526753,1.0405461815577208,0.4671290420685523,0
-0.06554760678100492,-2.361777149091629,0.4287418332737535,3.359328787831906,1.7082262749807846,1
-1.5245212866191742,0.4182576707121983,0.05810452515864095,0.9298954413024251,1.5172896196568237,0
2.33416358012704,-0.08265822575821624,-0.2052477473566502,0.9930948954850406,1.2700937860687462,0
-1.6288901835745146,-1.53322059335671,-0.7955456301591544,0.8127923622476486,0.006980478670858936,0
-1.540793042430867,-0.9418140620338884,-1.1881443106753582,1.4140897932895702,1.530099959279556,0
0.9550963794414762,-2.037244453461344,1.5424855791326393,3.284417116629113,1.3013139141075345,1
0.5370908330611436,-0.979593685897395,0.8124997174643429,1.3198345684876287,0.26398257531196456,1
0.7821826079557601,-0.9104372401506794,0.4290064771410622,1.6375829063543843,0.9373703897565351,1
0.003084126825026962,-3.051914493989615,-2.518394439563137,0.5091627999743638,-0.843301235126739,0
0.709641290505807,-1.434901612297618,-3.031821444543384,1.6569995116516263,2.3930346971373893,0
0.40787678237532143,0.24010511353682762,-0.7334633620182098,-0.3166813243214946,0.24112420212754548,1
-1.2031326020166928,-0.40123746681780015,0.1511447739991909,0.08276140148716749,-0.35958913318478347,0
1.2031126464308044,-2.908922941156476,-2.5847411635677684,1.530004184278446,0.5967105660032996,0
-0.20945256564907563,-2.012765249798272,1.730240625046654,4.200427894011166,2.3579377198588762,1
1.2873243901521403,-2.2951852368512085,-1.9803228686423344,2.3322617143109046,1.8356939465085427,0
-0.9614883696555376,-0.5117003637936632,-0.8277085796604069,-3.086083631864939,-3.855895241961391,0
0.7286847972169158,-1.9803913526064947,0.7186093972831884,2.581964835928252,0.9407065061727096,1
0.44786174775179377,-0.9193074481645648,-1.3224366068887932,-2.1495041546134885,-2.8012824427962,0
1.4820224936157906,-0.41395177636237934,-0.3168087077196081,0.5369663813177891,0.45314396494733167,0
1.1273582431747582,-1.952342790091496,-2.1253895965114484,2.2278003309794974,2.1098848291437147,0
-0.07737239133277289,-1.6329933702809294,0.7196174878469067,2.5036670995364547,1.1704041768306297,1
1.027421535338774,-2.9002134347757282,-0.9338284637832375,1.1544819838508906,-0.78038412539456,1
0.8075309998188095,-0.7773758900622671,-0.3250432522666049,1.6051579759282437,1.442182655852437,1
-0.7775390398449775,-3.561255894699707,0.9845235267017216,5.14626215516221,2.488079339200758,1
-0.10212844003499932,-0.8008123998683943,-0.7922590632883285,1.4386118333412927,1.473187234128792,0
1.5622551319504216,-1.2528781574895433,-1.4232649525766388,-0.3314341913112331,-0.80093308163906,0
0.041379052585847835,-0.4261532997569115,-0.25118243404532203,-1.8182484256277096,-2.5209543073161402,0
-1.5663497329640925,-1.1890570146554225,-1.9097272723123409,-0.11461662875388014,-0.2006656107810576,0
-1.0841913910223249,-1.1356375687346216,-0.8140454359826966,-0.41414881411691373,-1.1322016062392084,0
-0.3608914194246071,-0.7885059816996293,-0.42143638606516,-0.9523279181752136,-1.6920360947701698,0
0.19150693879273067,-0.37647995258888334,0.6584400407714737,1.3255749675191737,0.9254800490921303,1
-1.1834061882665312,-1.8112838466372234,-1.165147288949174,-0.09451904417507503,-1.1767187056252553,0
-0.5347332475595915,-1.0100135643652632,-1.7105289217580757,-0.2679980535431257,-0.3332753926743818,0
-1.1171413268765105,2.0122349822280508,2.6011710161387755,1.2396984058887046,1.9897528393912691,1
2.6342220436499586,-1.3590950786847271,-1.4920248208594167,1.868683717096084,1.8705723470633702,0
0.19732726259521088,0.2891406313162034,0.17974152374723962,0.1436899382728722,0.35109585966685697,1
1.1712457893215436,-1.0957781847500199,-1.8337957785719454,3.070629646945684,3.8023090622081264,0
0.189092493839052,-0.916665005499154,0.7970885639708698,2.1792782661418753,1.3996454754123935,1
-0.5977095137330924,-2.8359415806615464,-2.4899707336250376,3.7852050903102983,3.414594212931706,0
0.011141563048757437,0.019963212384018547,-0.9746085917694894,-3.7676827247672726,-4.119683936659211,0
-0.5811460454500165,-1.869404498520725,-2.299902647980044,0.6416228201528749,0.31456526217189906,0
0.3165403266086319,1.6039817452982779,1.7350539675053724,0.6384212157330804,1.339839015109305,1
0.8033650488211627,-1.898809591147976,-0.94851163850959,1.1238737117520778,0.1339051922534149,0
1.7691167002632864,-1.2288046824162928,-1.1258017323492138,0.6186241578461045,0.23655349929106606,0
-1.328096262433748,-3.30752146657443,-0.16996296427680035,2.834003619686507,0.4970955576481868,1
-0.6986048355960544,2.541061425555916,0.5219604961960485,-1.4054204919546487,0.3592194064957738,1
0.5410567634926378,1.4453965497618384,0.3618982269104317,-0.25211582692752155,0.848123706463153,1
-0.6133608125182829,1.550945242818738,1.0958217973112652,-0.7719567571008432,-0.10664545416142746,1
-0.219443811644863,-1.2634300472168147,-1.2246338008708262,1.27575529288282,1.075316601791586,0
0.6902368003802725,-0.6625329336678663,-0.27711360397385987,-2.2894472445866847,-3.314794941635883,0
0.549230796501648,-0.6145642260856424,-2.0124506440910346,-1.6580454278365737,-1.5193792827245522,0
-0.46026340158332313,-1.086874542956141,-1.2207966606484806,-1.7529440400114593,-2.523154465832371,0
2.333244404285301,-0.7632871842973372,-1.0682450334482636,1.6397909310448056,1.9120992616298274,0
1.1919588561171166,-0.7177875403335988,-0.9161056140822155,-1.7308412518053105,-2.317277747489165,0
1.5682397589196513,0.6546434077269151,1.5380718138831622,1.842105180227858,2.04983997600769,1
-0.5677057842186854,-1.7272575397656325,-1.0322704677995256,-0.40590284018969575,-1.5583024767548594,0
0.2404712493302069,-1.3184297813098695,-0.6278755429195328,-0.17499226721586664,-1.1110258154022046,0
-0.8164039861010418,-0.9775150283519266,0.9252112167376874,1.9252193391601369,0.9553342688663885,1
-0.2783911708109784,-1.2217827708000162,-0.9616988765646929,-0.12558903400779034,-0.7727482043613887,0
-1.1466647145209035,0.4577882933169548,0.13628602308393467,0.31696370835681725,0.749556201124122,0
-1.0945865395529288,-0.9667839442026066,-0.8350026605600821,-0.2908882000851464,-0.8082031573101702,0
-0.23676860296405963,-0.8991986762117046,-0.6278985096602065,-1.4054201115924323,-2.244412112863918,0
-1.6032604668159496,0.452874886968923,-0.20222528650805904,-2.485053811613711,-2.547859112223339,0
-0.6950436601497395,0.5343931651740763,-1.4443140072234737,-2.0707212598533347,-1.264996983757083,1
-1.2222118086729215,-1.9521286888554215,-1.9638579621335444,2.3080243575073816,2.1198599452560187,0
-0.7490314709550956,-1.7213369451135319,-1.0123540142203453,2.4893736553590586,2.033229739419015,0
-1.1700176505989124,-1.281769506346384,-0.6601994707989847,-1.4324135166452594,-2.620668032366594,0
-0.2149103551500782,2.127426034897454,2.0303606242623076,0.9567077015520796,2.0644424252112543,1
-0.8784828365480701,-2.08612573469542,-0.05755106560294987,2.800661581551554,1.5446706864526336,1
1.2656295355856315,-0.4534028128587808,-2.6040295332088723,-1.0759506710793483,-0.31502478296456604,0
0.25045240772777744,-0.2090034335525739,-0.3049942355845585,0.2570720097844954,0.29206345134574396,0
0.1932074227141938,-0.5031608360971178,1.621983487041715,2.362430186599444,1.5579803668845749,1
-0.6489138812724988,-1.417182917469099,4.065582721581979,5.246460576284763,2.919372637817376,1
1.4444203881536917,-1.6658029275759647,-2.3340110337696487,0.5560582559506118,0.41920343763419887,0
0.7792738873941635,-0.21916420047466456,0.33833904371798273,-1.473759101191102,-2.2258939734840255,0
-0.15382602719836666,-2.2905565441546893,-1.4523508816138175,2.2663589035058926,1.4643550027217156,0
-1.155625481668862,-1.2148921740108851,3.042217977263536,4.379250678404347,2.6022146024788517,1
-0.6176366093942468,-0.9279738073799769,-1.551169653842479,-1.4995668435204672,-1.8746896899399594,0
-0.761407543284805,-0.7333616294624588,1.4932034284651434,1.6223762268598514,0.493182382897311,1
-0.5359591454092917,-1.4839611232178058,-1.7325026714307388,1.8916357479329091,1.9151916963957327,0
0.18966087706342083,2.380885408939595,1.9298848608861543,0.174157380431068,1.3871010650137379,1
1.0525289413496632,-0.4818415226878582,-0.3209529002443655,-1.656134861232829,-2.3332230653832973,0
1.0584845435303247,0.9040880811159231,1.1931950453751758,-1.0805343673205692,-1.1540770124691981,1
-0.1910476899470299,-1.8385406000948317,-1.5596671275594378,-0.5022642661822211,-1.4894335988198195,0
0.16274441484639593,-1.2442816527620673,-1.2538458746872398,-1.7505352844971518,-2.650176137371532,0
0.4213798110980826,-0.7312519585722415,-0.8161309105816104,0.3996039343767449,0.2612126619907269,0
-0.6654854146902154,-0.5902870565588552,-0.5424662606883578,0.8750247065224155,0.8324710409195231,0
1.5475700950289262,-1.8271130055230211,2.120049756145554,3.057103673981369,0.8955949836077537,1
0.6971028559082724,-0.14881039079461023,0.001978259283464734,-0.30818571333596784,-0.5242863705255512,0
1.272487446598739,-1.3359408474770538,-1.1948468105710774,0.6209985569277526,0.17691806079043504,0
-0.17186298646329173,0.8025165711216136,0.1023246023308142,1.580156389189085,2.6628390920606155,0
-0.5978083864853595,-2.1183446692324255,1.8552649489253428,3.2934988779956194,1.0620661230842339,1
1.087464174031497,-1.4220992525658565,-2.2064640379478204,-0.44784102554572003,-0.6692344378003916,0
-0.2180358781982199,-2.44237665860593,0.22921785074120105,2.381211942777674,0.5280813402781004,1
1.2277208771391783,-0.25434929594196276,-0.3001903954604217,0.3556909402292245,0.3691591741923791,0
0.5594490759950371,-2.9703083815573463,2.0536857557097803,3.9434862866113556,0.955922952054188,1
-1.1338155950868831,-2.169997830742764,2.3747083048613518,4.429676487774837,2.135850644404835,1
-1.5262709967222121,-1.7596686248152138,-1.4702395153962,2.583091105201371,2.36834465581709,0
0.9614216853675427,-1.8950406395631503,-1.9346118278260156,1.3794689683359922,1.0037889559319817,0
-0.7470780793016416,-1.5828975533552994,-1.6212386244322365,0.6972877377841281,0.27615745955592963,0
0.4525314363594847,0.8626657487122324,0.06691801558909072,-0.8475071450631957,-0.27682751048687404,1
0.9703933898468512,-1.9919805485399338,-0.07087170434301948,2.4276792993184997,1.1774601908276532,0
-1.0120948857975771,0.8470319279017124,1.678208075787009,1.6129460632519992,1.8685367063704226,1
0.8994649711482459,-0.1341491301823481,0.12013191930269551,0.19945377657577312,0.054463005947246845,0
0.033327925665802005,-0.7397128319165045,-1.1929701446096312,-1.083621291356331,-1.3797756798272016,0
0.35918304919208,0.3803166181541662,2.4648209680044832,2.8296370289726522,2.502334936088884,1
-0.43015663559183687,-1.2588559793651406,-1.190539555059403,1.2753653011493185,1.0601705050507242,0
0.8554600086826448,-1.5036880209249728,-1.4206115587479111,0.6939364128548938,0.23502143544049758,0
-0.7036545495665113,2.5114926542630007,0.9686841254134381,-0.6039207506263915,1.0784983584498864,1
0.8433726221570585,-1.0560902735095885,1.8429794592798043,2.638211380252314,1.2563032145981794,1
-0.38538332752521576,2.156643523137835,1.6878167662528498,0.4062935302078027,1.5987979448122425,1
0.8485620344757479,-1.5814227799181255,0.9162828233023541,-0.9055675775348132,-3.1259875209011714,0
-1.2321423298148326,-1.6210790349302888,-1.4442637934109392,0.1890019453838259,-0.4898149553719645,0
-0.10976950381614235,0.231866034452482,1.7606094897414004,1.7661817496764223,1.433064141335149,1
-0.7137538562706509,-2.124792329558612,-1.8188173354058956,1.206876882849958,0.5083072926127785,0
-1.4414820616097774,-0.816961853703527,0.6805251822841595,1.1884472105080708,0.3275286821175689,1
0.8205554190063729,-1.8994971304987645,-1.921250972763731,-1.1445137860281691,-2.14359436471808,0
-0.7961707046937446,0.18027175632657233,-1.095571761505685,-2.509339412824759,-2.337882516490475,0
-1.299116644301067,-1.2386676115594637,-2.056648066328311,-1.2977652496188892,-1.6355956369058222,0
-1.7201025509478183,-1.3154468325529238,-1.4434204712421599,-0.38172954740503007,-0.9111931821106234,0
-0.16134421165179372,-0.5243004218497729,-0.6819542995154516,0.62929095697615,0.6670177121969526,0
-0.6493916937437452,0.9647612870832931,2.1190048501739787,2.115531481245144,2.358624673124475,1
0.5487082679850316,-1.8867753376014682,-1.0421914469479665,1.7533158109550124,0.9793923396960866,0
-0.8705171058476889,-1.4678800943036667,0.9769851832691928,2.9137521092794514,1.6923278754471789,1
-0.2846830356725835,0.7383340816316462,1.7623540252299195,1.2127027114873514,1.221970807928061,1
0.08757821895358911,1.8575285745153791,0.47294302840408853,-1.0732129429689428,0.15477725277518173,1
-0.5484396718269897,-1.8954621147784994,-1.5564191359846606,1.3870906052396785,0.8023889971029639,0
-0.986786045739545,-2.1106779885942455,-1.9764777381816518,2.2320666841458854,1.8830311193389655,0
-0.15492460183627646,-1.6534095571245953,-1.4863440802437966,0.31888635370788804,-0.33551255826216386,0
-1.6263193539615841,-1.0762497671424982,0.05021486671426745,-2.054066427461036,-3.594588193607665,0
-1.8193079286647236,-0.91744253222548,-0.5931063372165775,1.3151904067840292,1.0990571742383866,0
0.10052009450816196,-1.1238684024644334,-1.0097595216914939,-1.87565941016444,-2.827938460199089,0
-0.23769512468964085,0.21549988885983007,-0.47795800558870094,-0.7229036372237381,-0.4289503440439433,1
-0.12497578635826605,-0.30478116119526455,0.2658641233728556,0.6700228029538093,0.397110303428337,1
1.71193719581703,1.3315680797945695,-0.4043481860971714,-1.4390723797538754,-0.30741650785630203,1
1.1011557622472865,-1.4044096940693136,-0.7251927491351862,1.117766004527461,0.46816660800827736,0
0.6556014275495079,1.3267194367827166,1.2633692882939802,0.9812444553308913,1.7668486236591359,1
0.681339503185609,0.8646577083657947,0.028737197783040402,-0.22002327510968545,0.525872419860407,1
0.6286252328412164,-0.8646572463585257,-0.9764394090576771,-2.3367931468085024,-3.17499532784024,0
0.3959356756267731,1.6051578854164155,0.9508905145824588,-0.5323902853905826,0.32275707753645133,1
0.2552733874135629,0.19186975750939594,-0.11911717339406225,1.216863114556611,1.7589965006615502,0
-1.2981268850546304,-1.733644069335892,-1.9015546737676838,0.9111051266785468,0.5556742077879271,0
-1.2433239284060988,-0.44585202989091466,0.14051335715861346,-2.5141755082059105,-3.6221189736071757,0
1.0035665601832853,-1.0883016537882404,-1.0381155211130553,0.36436801514716294,0.004340900642456735,0
-0.2517306819925051,-1.338061015196579,-1.7628251792536251,0.092796777080915,-0.16521732871980954,0
-0.6627844787943661,1.6790618626570093,1.5110931988939695,-0.889003091589394,-0.3623769810858717,1
0.24092499728946865,-0.4841408680813911,-0.27097531938828423,-0.2429038133440566,-0.6074342282087366,0
0.5209681655748287,2.5961360633244985,0.4439467841868534,-1.7416847079808573,0.036793106485059957,1
0.19229297814189597,-3.238408669987237,2.4700592675590243,4.326539836834962,0.9473304756250432,1
1.5781068079115141,-0.9914283386402422,-1.0927985135546499,1.0414449800741226,0.9672942580996031,0
-0.2657695864939831,0.19080404533137574,0.035325301860547054,0.5771418235548059,0.8772644644979762,0
1.891387849550339,-1.6760756082483215,-1.4161416558743407,-0.1453383457838695,-0.972695155405443,0
-0.14822287759177039,-1.4964920204269303,0.2761968430511985,2.457228213119815,1.4881779893442952,1
0.2690240681375333,-0.3368866426959902,1.8374707768263407,2.356107633900408,1.5869693700494771,0
0.8456015144669514,-0.758730169630887,-1.1346848282853164,0.0959019868485656,0.03527376732238374,0
-2.3912744310241485,-0.4961926645027416,-0.9145447111727932,-2.1666115296264863,-2.6506143757980176,0
-0.8645657272783016,-0.6895393295838956,0.4409297368927392,1.7684806749634505,1.3016269276740897,1
0.7789797120440013,-1.2751555629406264,0.5723903281672068,1.702481857742316,0.5943394368693469,1
-0.43223783916462677,0.5200407803429159,1.3531531440715845,1.7653019530800675,1.9304257550179604,1
-0.20528709148810095,-1.4195556861309997,-1.044857960306078,0.3085160262217227,-0.3736095885359818,1
0.9319797549595751,1.3091752396173866,-1.772885219399762,-2.8485769745370404,-1.3180521366336437,1
-0.6839595017990969,0.294388153926435,-0.45603696955695994,2.052143415316957,3.080891089740361,0
-0.73151340389633,-1.4656148656516617,-1.4280145899483303,-1.8823829098042308,-2.925730434288841,0
1.3697087779697807,1.461422420195952,2.018653878933178,0.7429333036948211,1.1774459384427545,1
-0.6956713778482021,-1.1832460140122698,-1.9682084794456935,-0.58597862044489,-0.7482517329983673,0
0.03786191500895019,-1.1109930753536306,-1.6621012668081727,-0.9060764165393843,-1.2481678540873262,0
1.41299475562683,-1.5420416436515119,-1.3568995240330117,-0.9406441800655373,-1.8673666418137331,0
0.22857652751789734,-1.7442156167503242,-1.2950157288371238,1.2885758513158803,0.6771185989422999,0
-2.6388085002598998,0.4677200546155049,-0.04356453910004343,0.3975208644074588,0.9590930086824933,1
-0.02402785808060396,-0.7360327406979362,-0.42109390979294203,1.2229545692104677,1.0597739856754071,0
1.7015210704207346,0.9727397770486108,-0.14786864516708187,-0.5011516285588911,0.3767907895685426,1
0.6184883804564755,-1.9540112397939973,-1.6352507226192587,1.4930605168765343,0.9227138485913036,0
0.970941331376861,-0.39944776118156444,1.4314204687288892,1.3679046580167897,0.5262365051290873,1
-0.15155545500997972,0.018214189184722285,0.34231083407189156,1.319522100488099,1.4660181862710984,1
-0.7234628088702879,-1.6513061226763015,0.4708796281880395,1.4406535725930651,-0.029100948517589487,1
-0.354987284113288,-0.27036592509106594,-0.19199466568614987,0.3033670860326728,0.22883921808799423,0
-0.6500166686704533,-0.7889272715226914,0.48908773099654956,1.098585978896549,0.34885712244226774,1
1.9570636405416413,-1.0054528236364488,-1.134530201456013,1.7515720536112958,1.859543945506164,0
0.1190184060539747,-0.5969466881300314,2.825446227071725,3.5829800377002057,2.316193657191157,1
-1.1802929395898938,-0.39025130837267363,-0.4815797932851652,0.21400509296705308,0.16594687775653238,0
-0.2942648717935566,-0.8836810833391786,0.0664525079730448,1.6775634455802781,1.2140359963117127,1
0.4541831671898381,-2.0284469119945245,-0.8153652665063622,-0.2807003842450058,-1.8074331541615436,0
0.9577276536620096,-0.7049073498234324,0.221738524923907,0.02649493116872021,-0.755086726737315,0
-0.44791447968698456,-0.9742498420051358,-1.2135933122637457,2.2785936760320347,2.587724137270868,0
0.47097850370678035,-1.2197579657453594,-1.5159444104403192,2.073877040073773,2.2701821823628494,0
-0.01347182166515796,-1.7632605119898277,-1.3944047989218111,1.429914284190376,0.8900706691164317,0
0.015019226594289363,-1.4205808807176095,0.32289308139551587,2.2593770306520806,1.287954892920642,1
0.13977696976623552,-0.4183468927427264,-1.038770399895395,0.06997436616194162,0.2706042018460366,1
-0.47570526373119687,-2.6078537029687254,-2.50683100753867,1.8708732408009723,1.2606955208688484,0
-0.20445497968522458,0.44783440036569155,0.1218721548681565,1.0470373242619793,1.655222022612084,0
-0.7166398700522447,-0.8548820723011685,-1.4797137159087248,-0.5446876381042153,-0.6592208819855978,0
1.1453891885473528,-1.4264020952562408,-1.384599592857166,-0.3576830507452246,-1.0186642435546664,0
0.2801213889694491,-2.096026314908321,-1.1575323851023782,-0.5991309422789226,-2.0763376399388696,0
0.5684802252745983,-0.7921080929926878,-2.028536510249213,-1.526064281975572,-1.5138485852089671,0
-0.48819699723224685,-0.6060686392662613,1.33596986078441,1.4812635533994725,0.5253848754380153,1
0.4939518719937205,0.17622446148852666,-0.24469631180557572,0.2112207044987205,0.5647428347257324,0
0.49748525730565785,0.682595842993881,2.615041498495142,2.8022152735553876,2.669661375270697,1
0.8100623040526913,-0.780098277296299,1.3510365799492254,2.698977537344865,1.8657847718551925,1
-0.43900595087122857,1.7971468215873023,1.28913882887654,-0.6491528719489544,0.17046309795013703,1
0.9886691693580026,-1.6113727914359512,0.7032474652542101,2.25070131390818,0.8856190847817004,1
0.9484463498615354,0.5105271762119101,1.4641452395488104,0.6244567711919904,0.4423234686762736,1
1.5687786041028489,-1.5098307390693202,3.6285860795757463,5.558953265223929,3.4634540939746845,1
-1.412535763421003,-0.6953777677340388,-1.359784384713767,-0.36270779130597364,-0.3494916579734635,1
0.005492550243393307,-0.43756503389984547,-0.5013497695681371,-0.06468678157602051,-0.21390039259585758,0
-1.0634020065709509,0.2593823096331447,0.9383939027865822,0.4792639580666983,0.3177448449410549,0
-0.8546729449714168,-0.463609905951778,-0.556769292418049,-0.04108865366640992,-0.17829617202015902,0
-0.36879593667783545,-1.042166342898948,-2.41104765849299,0.00869684150253993,0.37002276160249425,0
1.9606912721610468,1.3538873456758451,0.9643035711069701,0.19768998483180794,0.9854264494111398,0
1.3787097462633506,-1.6365378066222234,-0.027654541159582213,2.0622370893183533,1.034509872929252,0
-2.1615603333191933,-0.5048228086499593,0.10403858064394267,0.496846000236615,0.08341438563854886,1
-0.563700175057901,-0.989150885174771,-1.1599845210374897,-0.30944875289153667,-0.6714917541231552,0
-1.4045642570696417,-1.5236591791182912,0.7496954066255841,2.9817135072826564,1.8506632135484127,1
1.8133439519827754,-0.3721463331147037,2.695857952618708,3.688707121150378,2.7316118515015644,1
1.4170204129816264,0.33304159173775105,1.2479912345448874,1.4221338305636968,1.3862982963687598,1
1.4334224198251682,-1.6282611840997703,-1.7050796059259965,1.9855180772472023,1.880518589042231,0
-0.4381098242435948,-3.5680630060117484,1.6068004032748475,5.152717987819102,2.1433729207218546,1
0.21631688156850074,-2.5462244644081204,0.8102309020333047,3.6228998707406292,1.6494748325442248,1
-0.9732423133725336,0.15427238846907132,1.614000308961312,2.756106945475289,2.6713614522209976,1
-1.824724046900739,-1.0815569764436281,-1.2787209712463117,1.834875564758532,1.9715309059267359,0
0.6199263323958049,-1.2871726361729245,-1.2777931196850028,-0.13198953194983534,-0.6664384545517246,0
-1.6970973849862518,-0.7978255713982509,-0.970220217483267,0.9397040863773096,0.9552090256655253,0
1.5479997539240187,-3.9583574744972876,0.8543825477928191,5.225178055809984,2.2841530009405098,1
0.538061720181809,-0.2315289622381933,0.9661392587345875,1.3479402515643921,0.9186885564714562,1
-1.1082574618159868,-0.47518331683464066,1.6127439526651588,2.4109792421947516,1.6498165329391252,1
-0.13476857911511902,-0.9239617030948295,-1.244874704880714,2.1383127577446457,2.4782633421965437,0
-1.8333411645064328,-1.0296995793797896,1.100030168412289,1.6467692683786854,0.46290258736654455,1
-0.4947809457668834,0.05023559847459258,0.6005469129415497,1.4180898265277038,1.4749538654880707,1
1.6714828911820923,-2.1908628454221306,-0.030114554160665996,2.874610130048686,1.52252555795054,1
1.981691806400029,-0.9832974021352141,2.515795553640979,3.774145812608307,2.3617611002504635,1
-0.20572759082797323,-2.8047786271739774,-0.11439953709843187,2.048313085873445,-0.03595618886822827,1
-0.639764527444133,1.58741449864196,2.559924967013386,1.442833613262056,1.864548377684426,1
1.5135979746527783,1.2843017829809193,0.5259808464245235,0.7423752253327291,1.8404609039522328,1
-0.662130845467599,-0.23543731488129394,0.3308877182032448,0.05454285299786248,-0.33835779677854094,1
0.5845032161193091,0.6802360110993892,0.1790274251701398,2.187539656611019,3.259464674288349,0
0.2139038682014817,-0.9474804969906935,-1.8276262662195526,-1.3171004857604593,-1.512534977274692,0
-0.5299377694624893,-1.6198513769178553,-1.606649034956934,0.6946361059679567,0.2299028808597765,0
0.15040543817616392,-1.0472151444941344,-1.4351305367042497,-0.7755272289027779,-1.152158542497952,0
-1.6235552380231333,0.8307852190666554,1.5305750492331445,1.1912417388796614,1.4114625172915285,1
-0.060288991391611785,-0.9519518178900717,-1.7186821025557406,-1.188029499861996,-1.4170249393161236,0
0.7560533220786464,1.1549309226912223,1.068968677680917,0.3809461622124381,0.9672717589131203,1
1.125587771040344,-0.9260676967671255,3.66135012032088,3.470178635188031,1.4005524129922382,1
-2.8325195707762085,-0.9191083645591784,-0.058812243186735724,1.1040588562750009,0.537835939422815,1
0.8731694306934659,-1.382791199527939,-1.3109927239672614,0.6673797742365374,0.25500709972851576,0
0.015807544111839433,-0.3598858838523147,1.5544915384034386,1.8750510121804118,1.1251134197620467,1
-1.666610291149916,-1.4918024316669452,-1.8395242764157194,1.441580383225827,1.408218486619961,0
0.8160728433938479,-0.12099443698892942,-1.8122102038632413,-1.9343526894233345,-1.5087474695586107,0
-0.7252689779610714,-0.41424236036605133,-0.552720111122662,1.064254212355358,1.2392511927332308,0
0.7929348534931071,-0.4765673580965122,-1.5674686092354047,0.11986052041913105,0.5719210570613564,0
1.2177484856512002,1.7752657020775409,0.4362618712771902,-0.7306640457132352,0.5232077817192258,1
-0.3617630688368137,0.5661606488998947,0.29276143177154923,1.1977753262344322,1.8589532508869104,0
-0.6455694286484754,-1.5435217195577895,-1.8033748372520182,0.15158431197085376,-0.2633269381324921,0
-0.12804170627461128,-0.5649879018401278,0.13501230826465604,1.4132971690798357,1.148032710331841,1
-0.4226335607215581,-2.0457216294566445,-2.620919728640396,1.1926469353356535,1.0115633425653083,0
-0.9963916891670672,0.05714866257098472,0.7568395623221993,1.3443010340502852,1.3028180345109313,1
0.8308523242793667,-0.9311941063878169,-1.3336000788013438,-1.0929034469494865,-1.4935770051759072,0
0.030190787210155032,-1.1741573006845643,-1.3258097330324612,0.942090553276703,0.8012527717168615,0
-1.652918697838884,-1.1887212438413624,-0.93550786209597,-0.3168419323486526,-0.9937617007128279,0
-1.5796155074058769,0.4241561661377171,-0.4212904074069831,-2.140394239433094,-2.024823545507195,0
0.3831002120732203,-1.21781904240834,-0.8715475564504984,-1.5229610735601644,-2.555249354262658,0
-1.1725916088527426,-0.4028685099434477,-0.3075792491877263,0.4010171030230465,0.2895564485280042,0
1.2497807014036066,0.6921935279781155,0.7818510080092314,-0.1845058029947229,-0.011726707630084654,1
-1.0553870170924875,-1.0916323171879487,1.5638662340629956,2.914413472455723,1.7212733247929382,1
-1.3441144703631869,-0.8787425809126372,-1.8254896329285657,-1.9957845299925736,-2.2921000622003076,0
0.9260623778119661,-0.493062096064939,1.019128605317391,2.0411067815776263,1.5037962656645143,1
0.3389936853092464,-0.7638350078155731,-1.576267394171156,-1.312368432775685,-1.4733971522177933,0
0.03993639721469045,1.1005581061100964,0.18905116820321088,-0.8620940518823373,-0.1386294561154635,1
0.016890716242483676,-0.20626984758290068,0.5982377760014248,0.09588676484677926,-0.4082787116002311,1
-0.9362886324067723,0.16257656523800357,-0.29496988476124764,0.40939765704027503,0.8260646346584222,1
-0.262978803780678,-0.4152675127518848,-1.5753029074267157,-0.5544926081013729,-0.20372713991923053,0
-0.40996050385277344,0.877316497886597,0.3601748287497668,1.9488788485946105,3.047956884603929,0
-1.4480563720406896,0.027094353616424982,0.03890505649057818,0.7485460163069622,0.9338724304581258,0
-0.7579922225186737,-1.554143299196659,-3.0903312986070324,0.3554550629289216,0.6961599647986345,0
-0.3271181965888122,1.422258721724811,0.9605695547108704,0.5388910892696633,1.4758679761863498,1
-1.261454833655109,-1.4834663656008833,-1.1262880254313592,0.5867830027356625,-0.04283516846502389,0
-2.409888167106808,-1.2079499910205442,3.18984808337956,3.695470729871004,1.6770861948736675,1
-0.045970007917145186,-0.1897190401433274,-0.4885885781687227,0.7355437358645905,1.0068627696291215,0
-0.8584499403746859,-1.9439676177113885,-0.6107467921854175,2.166119126146746,1.198221577959104,1
-0.1613643730095305,-1.422715555640262,-1.0849492559598246,3.009164230094845,3.0009545197584044,0
0.0788960965985086,-0.27844244726285816,-0.2620843684167923,0.5475465113982348,0.5635944474730783,0
0.20677477983441644,3.342071250483078,1.1957438389400827,-1.8352976885071914,0.20538422933254274,1
0.2555736537123689,-0.12169212449245281,1.0142798609308712,0.6048760170128639,0.07228564407533167,1
-0.5938401622466388,-1.9615349281503416,-1.5041082030340638,1.1573920958825556,0.4256092207684028,0
-0.08675575054894435,1.1326338603017978,1.91658310692117,1.555738157651625,1.9340740299814594,1
-1.5253190902334557,-1.7040989649178786,0.8396219956175937,2.59848798402654,1.154383055013672,1
-0.3958287807316623,-1.6874406218659803,-1.6419571242191169,0.6464251908778805,0.12593164670665902,1
-0.028083865592979814,-0.7321481612572636,-1.259120330176938,-0.8603008039732104,-1.0583807474327762,1
0.1856925897410594,0.9127562997816774,1.811927774614007,2.016048507899766,2.3568919242069333,1
1.175283107824049,-0.9264021101399582,-0.8795828120776163,-1.8502899142193,-2.6826903179225488,0
0.6769663873395375,-1.4869675970166232,-1.0869256087663,0.9313700162739218,0.360065914243772,1
0.5720927784049213,-0.29501103952431695,-0.979323905941046,-3.147751720299765,-3.643834258813079,0
1.3872574110525957,1.79421641786508,1.4348039759087245,-0.318032993074396,0.4980115413749028,1
1.8192231832997212,1.1861476978726797,2.391460731445828,1.6679530964253169,1.859663042828256,1
0.06526819534255347,-0.6617382482804688,-0.911443277978685,-0.21696464781648722,-0.38621771543479255,1
-0.4054100076137785,-0.9839093295840942,-1.4384151364424618,-0.1387169198844838,-0.2994840364214293,0
0.06837062931026103,-0.7013366706319636,1.3582303080549702,2.436853408830576,1.610381635886253,1
1.5203392373095028,2.5787906901863122,1.2754744423715676,-0.8555032272826414,0.6586525611311518,1
0.23658175087619732,-1.4013098002950715,0.7379224042027634,1.2903221351979597,-0.12878233763246993,1
0.05162637671120796,-1.8114677139669373,-0.3136865830948048,1.2801845101468998,0.057157983572917015,1
0.22462578538901948,-0.5043935726496446,0.7159844399492366,-0.7387676894496138,-1.79184255741801,0
0.08796882105283044,-0.4500119253156525,-1.6976797588685324,-2.0821682944144353,-2.066333775706413,0
1.2903681221946703,1.2187031643840125,2.031892837347212,1.3225966042637745,1.6613994754039072,1
-0.5728720895377487,-1.7222362368536301,-0.6922644267573963,0.9858641948967923,-0.013684491192527126,0
-0.29057510309736223,-1.2856976445556454,-1.4992627002689503,-0.36309042956819154,-0.8289108602052431,0
-0.5315569372430567,0.7545332721048357,0.3377529118542997,1.3475182554691207,2.197554001188501,0
-1.8357112740410206,0.26445696718751055,-0.3921815113893503,-3.1569854743232253,-3.4545837993282005,0
-0.7670545065706765,-1.6976818806643805,-1.139902639984469,1.0871849700821283,0.3844641308918417,0
-0.6299052547184123,-0.027548296214022883,0.13564063805618787,0.13266300523625316,0.06335812096674409,0
-0.17962400023523706,-1.6154737894201199,1.3727170861725835,2.911137299734846,1.3296923324594596,1
-0.006351556772868734,0.05806494919701666,-0.68215496681966,-1.4989263773390398,-1.4278590578624613,0
1.5728146409171813,-0.756558172102362,-0.7583152800860606,0.44231770910721474,0.25824465112928574,0
0.4092583875972426,-0.9970306322035002,-1.1948569264000874,1.5824097825497616,1.6908937102233328,0
0.4695718183484327,-1.2112922775751835,-1.598645918329683,-0.01498212817072347,-0.27096836123728896,0
2.1876498745500195,-0.7696764984474944,-0.904604438922457,-0.0057067145655321705,-0.2293274893411188,0
-1.640266639225316,-3.1379493749476506,-2.948474925812385,2.4768977393926153,1.7596061826310594,0
0.4064774772384181,-0.6284260763425797,-0.06690059491690714,-1.0427005899290827,-1.850692580742394,0
-1.0890801161478045,0.07691598000588096,-1.0555197413419488,-1.6280325852478874,-1.3627001688521254,0
0.44388023021743567,-0.9012939617193371,-0.8723104626705463,-0.5672656135590396,-1.069061099689635,0
-1.2859547737148262,1.583277059140947,2.1494798971230664,0.80936948365218,1.3020648773659014,1
-0.7124941928082376,-1.4697235705941474,-0.8404731467711335,-0.3071693130491723,-1.299568291306519,0
1.1336234718590492,-0.8830922058885156,-1.2880489579889423,-0.4905314158895781,-0.7252005313766536,0
-0.24141441042020614,-1.6846938511602048,-1.4607432643069034,1.0076471356422392,0.4764473138844657,0
0.740590868103047,-0.6684053004000465,-1.6173185315010077,0.2912965291329584,0.6317832838186741,0
-1.5150953429556504,0.597306130399273,2.3349713124982117,1.6031255867549492,1.2553876659863468,1
0.3905228975650011,-0.18352682350765037,-0.19726475696026613,0.5745182838436812,0.650518753331847,0
-1.3255099116824065,-1.744960993289559,-2.0781715022522333,0.1333873145125263,-0.322926118027938,0
0.40902805374263734,-0.8136581675344916,-0.1756019537015231,0.4604216249720512,-0.09738974505469689,0
0.0437797627138891,1.8711000135889009,1.8290329504021001,0.4939694960085649,1.3599187579519314,1
-0.4237764114480308,-2.393939543204687,-2.527505528762357,0.32394266765507757,-0.4479917004818379,0
0.10947060404728903,-1.0055477843171594,-1.3980456190669612,0.19758844277561183,0.07546745462967364,0
-0.1633208072838984,1.490700408686703,1.2265423366890786,-0.19413213106150615,0.48168376279371716,1
0.18330021210499314,-0.5408681514581966,-0.42495263709740005,0.5799078590085963,0.44701832212672976,0
0.5280683677462349,-1.2845246637943224,-0.9444979460848236,1.0268582069771244,0.5903023219219365,0
1.411050901059224,-0.4097298837069182,-1.345875218966198,-2.086479767787086,-2.2294975305266584,0
0.2475119165762044,-1.4395440119569036,-0.8503642005139087,0.19728276500030323,-0.6388885471940172,0
-0.4620960186513983,0.12792705807997717,-0.46390905330903354,1.894350503325055,2.7322901946292513,0
-1.244831238218157,-0.12192331717322391,-1.9982546503551886,-1.2161970442736392,-0.5138635844184443,0
-1.5402476320310767,-0.4518082043228927,0.5329651272950195,-0.7733405023193944,-1.6833627341164985,0
1.840217134841991,-1.19968679541223,-1.116989346069266,1.5871562176471117,1.462387207311365,0
0.9241618238559027,-1.1740370579914146,-0.5092626171190986,-1.652571342132936,-2.876614569198713,0
-0.7454734920621153,-1.9206420450058168,-2.051985559966866,1.2272042162451118,0.8558014518622221,0
1.0751759356684585,0.7842108624960011,1.947000587191915,1.4614107559580898,1.4714549695319072,1
0.1207568061894677,-4.155190469771804,1.6903403453674812,4.89477965141027,1.2228675299008398,1
0.03257557740856184,-1.1073501082020851,-1.9114215446973613,-2.864194672943208,-3.5387088780022093,0
-1.6325584029920932,-0.9369856995572766,-0.8480828731236985,0.9648594378180856,0.7872865942653879,0
0.2767934493252883,0.034845673395114574,2.3768113657931296,3.096659727387863,2.55734028940215,1
0.1053093208790869,-2.1654721933613232,-1.2405218027291276,3.6167745825190587,3.142129853608415,0
-1.5396665192733199,0.20357164004464656,0.6109575555325732,0.2391969808802546,0.14909557047973787,0
0.015378981372105674,-0.14673636156238523,1.2739965375685676,1.9934088103343104,1.6292216232841326,1
-0.18941367098154974,-1.0031156366012557,-0.9889476040630384,-0.7746739920140323,-1.3578299773375226,0
0.4886919527092181,-2.29441194862238,-2.2191974043907843,1.151175253729588,0.5020029487732807,0
-0.07487593820648959,-0.7339394727490878,0.8938532688613001,-0.012275481289210466,-1.2046712884116906,0
1.1899113972411677,1.4482981380928592,1.198028620471448,0.2038549079153736,0.9520256273115433,1
-0.25584113690309174,0.8317528323020564,2.17255100373262,2.6401964868263157,2.8552553749657497,1
0.7795667272403815,-0.368688335560294,-0.5520309119897934,-0.21471669383785844,-0.30715111668725803,0
0.42265506550160375,0.03531742733884857,-1.5170802574951416,-1.6304137463634747,-1.1480111198020604,0
0.5222436812480098,-2.0826829408993417,2.7648007601165814,3.152093967413543,0.41383582509939376,1
-0.36623153931826163,-0.9042896612311051,-0.966976315557784,-1.3559895685289118,-1.999097114690895,0
0.32570735781319976,-0.9357902372992927,-0.7086140029759393,-1.2293658285340165,-2.015265338230133,0
0.9039227507368559,0.1784941129623241,-0.18247846927220046,1.8780768425435217,2.6031262546747866,0
0.9375601222047649,-1.545496264095551,-2.940409064675613,-0.06385524386307298,0.09993514771863365,0
-0.0833842752742931,0.7080518022565173,2.4621634213337353,2.916392001861372,2.9205923078160345,1
-0.4856511760906721,-0.6378509396900616,-0.29801032084199,-0.33776559067465983,-0.8551642579194114,0
-1.4862770299502939,-0.6394635650310359,-1.0119609142554111,0.8525342744578474,1.0194475732014576,0
-0.15348427895585648,0.055367839725727896,0.6311029156870127,0.6809060524144197,0.5469251579456691,1
-1.1017931979198936,0.38660626779258345,0.2545847753726571,0.9491013778643718,1.4019640121768455,1
-0.7420061356576401,-3.079978571752959,0.8898987593485694,3.2086323434707764,0.5872255900536217,1
1.0370472887399296,-1.4636318523496399,-1.0744631557599504,0.5017095808469569,-0.15866983895206765,0
-0.2730197607260194,-0.8055202279743445,0.9257410432141766,1.673229990144163,0.804133220606714,1
2.0179079638332387,0.27476120915959124,0.11213062884209035,-0.3753076456192043,-0.26962689108000504,1
0.1543366870644103,1.7916677324230443,2.9382374647962406,1.6706308904490308,2.1295952814954364,1
-0.6852061978594057,1.9539660296682035,0.7419111028184067,-0.39746725428659463,0.935547637573577,1
-1.7474530846950653,-0.2520275800772369,1.1650105751249822,1.9325539585320757,1.5149987488548131,1
-0.865039226348993,-0.9880874096179043,-1.1177220855504613,1.0899554032263372,1.0445829944199254,0
-0.37059052307245194,-1.2863509004440792,1.5049458563998583,2.6508998562518964,1.24309472571104,1
-0.872929676739566,0.2518520785245144,1.2397028439143023,-3.4008368132940046,-4.677599251592378,0
-1.4004195603307676,1.6982843541569825,1.018677805172107,0.0683731167160812,1.1192102894470541,1
1.21737356975163,-1.9054182041414776,-0.880698699301647,2.6828159807164336,2.026734166241594,0
0.8098578416370265,2.567818619745391,3.4368400950227502,1.5331684216716333,2.4131042769135616,1
0.7007362851328974,1.1837590655739816,0.8491579021717564,0.08266709247439086,0.746204504512102,0
0.7326493607290827,-0.9262052975152905,-1.2667476286150978,1.5606107299941523,1.7705952073387365,0
-0.6637203769797122,-0.17068325263146467,1.942420449040356,2.032100879681816,1.2827233963591451,1
-0.6931868272364192,-1.6876787819681711,-1.4198593059226752,1.6635845787635168,1.265804001624252,0
-0.15959456182499593,-0.6437946913892327,-0.2175923865841074,1.6550526152559513,1.5703154891379436,1
0.04796144598154671,-1.2202136378583515,-2.0625641295406654,-1.0412786154757903,-1.296250529391656,0
-0.5507211956955113,-0.4408297109041198,-0.2848868086683508,-0.9737843815925583,-1.4668890395757357,0
-1.0231955113182944,-0.8076731839028477,-0.8665717705158656,-0.5922127263225966,-1.0149809194546968,0
1.3867580661311534,0.9167088933759876,0.781451134382839,0.5742985322981966,1.142897160382003,1
-0.7388028687302217,0.9925004414311449,1.3330437003459092,-0.36399304895115586,-0.2583317219986643,1
-0.7100811190404376,0.02658620655913113,-2.1292276218785364,-2.2164328316545086,-1.543629723018936,0
1.193956259988278,-1.9565690804065812,-1.7499800409566357,1.7639578348426905,1.3207087984905554,0
-0.7422295201916345,-1.5322642689128552,-0.3577074279960635,2.084006767240789,1.3435482297160326,1
1.4597318750379402,-0.950753002435737,-0.9639079031867632,0.026081064022359015,-0.3275542583221932,0
1.2745918752935148,-1.592565049862276,1.803394103422288,3.1803458703850676,1.446070469800567,1
0.37657401513912436,1.8747951219924262,-1.0691005068355568,-2.0850507170978814,-0.22785356652581457,1
1.0819420597408491,-1.8786021179584498,-1.853609611645668,2.78784843346915,2.723950934591327,0
-1.1354608936981305,-1.1028495810027514,-0.4562404392318896,1.1465007705499444,0.6385062672878192,0
0.4803046530132987,-0.8785522044857217,-0.5713502700852098,-0.08704432421291891,-0.618492460143699,0
-2.4197452474117624,0.18651565874965126,0.19824327230398286,0.009391916301510084,0.07719306335988618,0
-1.2144592807526615,-1.622100566259917,-1.6641537516791318,1.9720614062895143,1.8468326203408734,0
-1.2693952066156047,-1.6733137001981817,-2.6610126822889333,1.1849148220565737,1.3753837820118204,0
-1.5884645404175581,-0.41506699300983974,0.13854790062517508,-0.27079345739776794,-0.8048670407035929,0
-0.6574321575531379,1.5322141689826112,1.1205613951337503,0.3957602953653787,1.3126749098609916,1
-0.6261900322215666,-1.9632417715973527,0.7479538884261805,2.1454500595853094,0.3982274275185491,1
1.2477568340762155,0.8464601032527042,0.8543350314410796,0.3029473356961117,0.6989824593340452,1
1.8021648084314457,-0.7266458817353025,-1.1523335171792077,-2.696981773523205,-3.3944779862675634,0
0.22898242506107808,-1.8003193141571958,-1.7912314448316833,0.7253174312979926,0.20059540421350575,0
0.6385178605944855,-1.0708224796325647,-0.09966003441586979,-0.6848403986408665,-1.804963709270324,0
-0.3966621598219177,-1.471257333257192,1.3356734392400182,2.987210637068213,1.5807902017859803,1
2.6781098736383924,-1.5783527010425824,-1.2951508463481571,0.19199128944080995,-0.5288019937663415,0
0.7247238578942587,1.9497731637909936,1.0906666175194943,-0.18366695029332814,1.003126573061882,1
-0.2729753999198351,-0.9883826393939735,0.4791079351266644,1.2351099916337018,0.3359750096467601,1
-1.0024719316058948,0.6203740212923421,-0.013698325443656012,0.1080989997825151,0.7268253272150704,1
-1.290364484542836,0.6273793765879385,0.3369453787174679,0.32125152373172444,0.8031065820213583,0
0.026681057110535956,-1.4798107234518687,-0.8437895093135493,1.8588389072165326,1.3837725613583793,0
1.182453826605304,-0.42676825709171773,-0.144075901049592,0.15689862129391574,-0.12725747794408693,0
0.36512541198301046,0.17041504156157372,0.6247263742579005,0.7596188713180642,0.7567340322754113,1
1.0136757405438634,2.713617984792733,2.1978685239609512,-0.09755415138001627,1.2141013431002683,1
0.8899163325651686,-0.36900706864791,1.375170972486195,0.6829859961639204,-0.26468877499965116,1
0.07747371873722987,-0.26811103691271754,0.8440264498792507,2.675255688850845,2.6011866871861216,1
0.26588629805933295,-0.544437668812086,-0.5198296740821791,0.3022914972570295,0.15154875541321866,0
0.5679417430751318,0.030224183668658755,2.363941181054507,2.3543563506606735,1.6379225769745935,1
0.3932692234702219,-0.881738577816878,-1.2179788457858174,-0.4675988722085458,-0.7344287385751831,0
0.7141034997200926,-0.6221133755612275,-1.0555379940786471,-1.4006671389753758,-1.7392755172355487,0
-0.33689782558349113,-1.3667495194841313,-1.1380489235427491,0.7032363560569578,0.21843247169355762,0
-0.8734096340878084,-0.403354418199911,-0.3473349813528931,1.7446065965078972,1.9804720738432664,0
1.5856464928857328,-0.9965062015906544,-1.082181409442791,1.2727021311582394,1.2439074102824144,0
-0.9941800924017872,-1.4995097637130632,-2.9863082960191867,-0.3674209219989705,-0.20830795826506587,0
-1.3687045435596683,-1.321431012753744,3.2137406725741657,3.8639238306933987,1.7660799612642486,1
-0.8202413294487015,-1.4747102529237153,-1.8623922498600605,0.7998463250577795,0.6397821730620166,0
-0.041169476912550004,-2.7397197736896373,0.3176903392576935,2.040451759082785,-0.22485044683422273,1
0.7741314616193651,1.6619668921397226,0.5757989580405771,-0.7479621331710519,0.3172413509212032,1
-0.5693837001481272,-0.9648503996919616,-1.0435033299243175,-0.7528244821707625,-1.2642459790359346,0
1.0582070469439075,-1.4272834339515514,-2.046300558825104,0.6761606284448842,0.6331810715724362,0
-1.062297155166374,-0.2758542675192789,-0.9554353029610972,-1.4254762159163057,-1.4993464161906425,0
0.10678719347417348,-1.1941882363010299,-1.4136624944336478,1.0333593930115397,0.9446495342569681,0
0.5877316524799424,-0.2983830579764478,-0.24645347225166614,-2.971428180195631,-3.835809185754411,0
-0.4924460743305178,1.2143474686166695,-0.624926992645412,-0.9105210533932973,0.3614834446226416,1
-0.41796350383864467,1.8850276682642435,0.40372205952784657,-1.2460513693491682,0.004495765422194986,1
-0.8943499126754028,-2.1113032870143016,-1.9773412184821448,1.8575379713822835,1.4176150800311909,0
-0.48657989067380747,-0.11385185313772561,-0.1238237169889328,-1.3118076089276565,-1.6681953993827199,0
-1.1053533175527916,-1.739622956502378,1.424944040140443,2.4564217023591075,0.618646900542196,1
-0.030144269520851127,-0.874132154423173,-1.0953115255996013,-0.9654536805546179,-1.4140489091424615,0
0.8566171046256775,-0.13908846110742967,-0.45911383248287263,2.268367036965048,2.942544337365285,0
0.6336115405758314,-0.3819202054347949,-1.141952275425948,-1.2342322503948766,-1.2579496385449318,0
0.44965590662585037,-0.481858593120731,-0.7518386290152466,2.5643832749302806,3.150045040826288,0
-1.1982833857471582,-0.27158923117068257,-0.2664328928496432,-1.2664947394435346,-1.681252995931024,0
1.3924721629425727,-1.1858501293946477,-0.8215041149421579,0.5084051628490551,-0.029229435232214884,0
-0.7634313401500049,0.3589715929741357,0.46223287766475285,-0.03201466128439578,0.04143017043886732,0
-1.3514457648919713,0.6410418085224516,-1.336604750742941,-2.0617326224397234,-1.21322134376567,1
-1.5365236149437833,1.346871102296947,0.8363640274705564,-0.2371182594045141,0.5098150861838213,1
0.6397873317955373,-0.893287073462247,-1.029509544993974,1.7319539456191786,1.882477037105522,0
-0.07421097854939082,0.38745237171518543,-0.7984213218907247,-3.079476068444218,-3.0162446369338474,0
0.8729191867707867,-0.6087793042965806,-0.3151385846735858,0.7063503294094311,0.4789662046172628,0
1.0536123992436601,0.38429296142867764,0.7912213394008505,-0.17606300301926006,-0.29674754917836443,1
0.4146985287308868,-0.5781399588702012,-0.6085013911140298,0.4834322054641116,0.3941666626895175,0
0.6765980166158473,-1.272921050706343,-1.107795254241322,-0.03482259498582745,-0.6268905840138828,0
0.6702198972773387,-0.18920530838950889,1.6526172334966078,2.1654233312085536,1.5921786723120754,1
0.33523868706994847,-1.0168534492853119,2.1797798576372043,2.5876597716660013,1.0430562755798434,1
