item1,item2,item3,item4,item5,item6,item7
Chips,Coke,Eggs,Diaper,Bread,,
Bread,Coke,,,,,
Eggs,Milk,Butter,Coke,,,
Chips,Butter,Beer,Coke,Bread,Eggs,
Diaper,Coke,Beer,Eggs,Bread,,
Eggs,Diaper,Bread,Butter,,,
Coke,Chips,Bread,Beer,,,
Eggs,Coke,Beer,Bread,Milk,,
Chips,Milk,Bread,Butter,,,
Milk,Beer,Eggs,Chips,Diaper,,
Butter,Bread,Diaper,Coke,Chips,,
Bread,Chips,Butter,,,,
Diaper,Coke,,,,,
Bread,Beer,,,,,
Milk,Coke,Butter,Diaper,Bread,Beer,
Eggs,Coke,Milk,Bread,,,
Coke,Beer,Chips,Diaper,,,
Beer,Chips,Milk,Eggs,Coke,Diaper,
Beer,Coke,Butter,Bread,Eggs,,
Chips,Butter,,,,,
Chips,Bread,Beer,Milk,Diaper,,
Butter,Eggs,Diaper,Bread,,,
Coke,Milk,Chips,Butter,,,
Diaper,Butter,Chips,Eggs,,,
Beer,Coke,Bread,Butter,Eggs,Chips,
Coke,Bread,Eggs,Milk,,,
Coke,Chips,,,,,
Coke,Milk,Eggs,Bread,Beer,Chips,
Milk,Diaper,Eggs,Butter,Coke,Bread,
Milk,Chips,Butter,Eggs,Beer,,
Chips,Eggs,Diaper,Bread,,,
Butter,Bread,Diaper,Coke,,,
Eggs,Butter,Diaper,Milk,Beer,Bread,
Milk,Beer,,,,,
Beer,Coke,Milk,,,,
Milk,Butter,Coke,Bread,,,
Beer,Coke,Chips,Milk,,,
Butter,Eggs,Coke,Bread,Beer,,
Butter,Milk,Beer,,,,
Bread,Butter,Beer,Milk,Chips,,
Diaper,Chips,Eggs,,,,
Coke,Butter,Beer,Diaper,,,
Butter,Coke,Milk,Bread,,,
Milk,Coke,Diaper,Chips,,,
Chips,Diaper,Milk,,,,
Beer,Bread,Chips,Coke,Milk,,
Eggs,Beer,Butter,,,,
Beer,Coke,Bread,Milk,Eggs,Butter,
Beer,Eggs,Butter,,,,
Beer,Coke,,,,,
Coke,Butter,,,,,
Chips,Beer,,,,,
Milk,Bread,Coke,Eggs,Diaper,,
Beer,Milk,,,,,
Coke,Beer,Butter,Milk,Eggs,Chips,
Beer,Eggs,,,,,
Coke,Chips,Bread,Diaper,Milk,Eggs,
Beer,Coke,Milk,Chips,Diaper,,
Beer,Bread,Coke,Butter,,,
Butter,Diaper,Milk,,,,
Milk,Coke,Chips,Butter,Diaper,Bread,
Coke,Diaper,Beer,Milk,,,
Eggs,Coke,Chips,Diaper,,,
Chips,Eggs,Butter,Diaper,Coke,Beer,
Diaper,Butter,,,,,
Eggs,Bread,Coke,Diaper,Butter,Chips,
Eggs,Butter,Diaper,Coke,Beer,,
Diaper,Coke,,,,,
Coke,Bread,Milk,Butter,Beer,Eggs,
Milk,Beer,Bread,Butter,Chips,,
Milk,Coke,,,,,
Milk,Coke,Beer,Chips,Eggs,,
Milk,Beer,Diaper,Bread,,,
Milk,Beer,,,,,
Beer,Butter,Coke,Eggs,Milk,,
Butter,Eggs,Beer,,,,
Eggs,Bread,Chips,Coke,Milk,Diaper,
Bread,Diaper,Milk,Eggs,,,
Bread,Eggs,Diaper,Chips,Butter,,
Chips,Milk,Bread,,,,
Eggs,Coke,Butter,Chips,,,
Butter,Diaper,Coke,Eggs,Milk,Beer,
Chips,Eggs,Milk,Coke,Butter,Beer,
Diaper,Bread,Eggs,Butter,Coke,,
Coke,Butter,Bread,Eggs,Beer,,
Eggs,Bread,,,,,
Eggs,Bread,Beer,Diaper,Milk,Chips,
Beer,Butter,,,,,
Beer,Diaper,Milk,Coke,Eggs,,
Beer,Eggs,Milk,,,,
Coke,Eggs,,,,,
Bread,Eggs,Milk,Chips,,,
Chips,Eggs,,,,,
Milk,Chips,Diaper,Butter,Bread,,
Diaper,Eggs,Coke,Chips,Bread,Milk,
Diaper,Milk,Butter,Chips,,,
Coke,Chips,Beer,Bread,,,
Coke,Butter,Bread,,,,
Eggs,Beer,Chips,Diaper,,,
Diaper,Milk,,,,,
Bread,Beer,Diaper,Chips,,,
Butter,Milk,Chips,,,,
Milk,Beer,Butter,Coke,Chips,Eggs,
Chips,Diaper,Beer,Coke,,,
Chips,Eggs,Butter,,,,
Coke,Butter,,,,,
Coke,Bread,Butter,Milk,Chips,,
Butter,Chips,Coke,,,,
Beer,Coke,Milk,,,,
Coke,Eggs,Diaper,Chips,Butter,Beer,
Milk,Diaper,Coke,Beer,Eggs,,
Chips,Coke,,,,,
Coke,Diaper,Butter,,,,
Butter,Milk,Eggs,Beer,,,
Bread,Beer,Diaper,Milk,Eggs,,
Coke,Butter,Bread,Diaper,Chips,,
Diaper,Chips,Butter,,,,
Bread,Beer,Milk,Diaper,,,
Milk,Coke,,,,,
Chips,Eggs,Beer,Coke,Diaper,Milk,
Beer,Diaper,,,,,
Beer,Milk,Coke,,,,
Beer,Chips,Eggs,Bread,Milk,,
Butter,Milk,Beer,Coke,,,
Eggs,Milk,Chips,Diaper,Butter,,
Beer,Chips,Butter,Diaper,Bread,Milk,
Bread,Eggs,Chips,,,,
Eggs,Beer,Butter,Coke,Bread,,
Chips,Bread,Butter,,,,
Chips,Butter,,,,,
Butter,Coke,Chips,Milk,,,
Beer,Chips,Diaper,Bread,Eggs,,
Milk,Butter,Chips,,,,
Diaper,Bread,,,,,
Diaper,Milk,,,,,
Milk,Diaper,Chips,,,,
Butter,Milk,Eggs,Chips,Diaper,,
Beer,Diaper,Chips,Milk,Bread,,
Coke,Butter,,,,,
Eggs,Bread,,,,,
Bread,Diaper,,,,,
Coke,Milk,,,,,
Milk,Bread,Butter,Diaper,Coke,,
Chips,Bread,Coke,Milk,,,
Coke,Diaper,Beer,Chips,Milk,,
Bread,Diaper,Chips,,,,
Diaper,Coke,,,,,
Bread,Beer,Eggs,Milk,Coke,,
Chips,Milk,Bread,,,,
Diaper,Bread,Beer,Eggs,Chips,Milk,
Butter,Diaper,,,,,
Diaper,Milk,Butter,Chips,Bread,Beer,
Butter,Chips,Eggs,,,,
Chips,Diaper,Milk,,,,
Milk,Coke,,,,,
Milk,Diaper,Butter,Eggs,Coke,,
Coke,Beer,,,,,
Bread,Chips,Butter,,,,
Chips,Diaper,,,,,
Bread,Milk,Butter,Beer,,,
Beer,Eggs,Butter,Coke,,,
Coke,Beer,Eggs,,,,
Bread,Coke,Butter,Beer,Chips,Milk,
Milk,Beer,Diaper,Bread,Butter,Coke,
Bread,Beer,Butter,Coke,Eggs,Chips,
Butter,Chips,Bread,,,,
Diaper,Beer,Butter,Milk,Eggs,,
Coke,Chips,,,,,
Coke,Beer,,,,,
Diaper,Chips,Beer,Eggs,Milk,Butter,
Beer,Chips,Eggs,Coke,,,
Coke,Beer,Chips,Butter,,,
Bread,Butter,Diaper,Coke,,,
Chips,Eggs,Bread,,,,
Butter,Beer,,,,,
Diaper,Beer,Milk,Eggs,Coke,Chips,
Butter,Bread,Diaper,,,,
Bread,Diaper,,,,,
Milk,Eggs,Diaper,,,,
Milk,Butter,Diaper,,,,
Eggs,Butter,Beer,,,,
Chips,Milk,Coke,,,,
Coke,Chips,Beer,Eggs,,,
Coke,Chips,Butter,Beer,,,
Diaper,Bread,Milk,,,,
Eggs,Diaper,,,,,
Milk,Eggs,,,,,
Chips,Butter,Diaper,Coke,,,
Coke,Beer,Bread,Chips,Diaper,Butter,
Beer,Bread,Eggs,Coke,,,
Beer,Eggs,,,,,
Diaper,Chips,,,,,
Beer,Chips,Butter,Eggs,Coke,Diaper,
Coke,Milk,Beer,Diaper,,,
Coke,Chips,,,,,
Eggs,Butter,Milk,,,,
Beer,Butter,Coke,,,,
Chips,Milk,Butter,Beer,Eggs,,
Milk,Coke,Chips,Diaper,Butter,,
Beer,Butter,Diaper,Coke,Milk,,
Diaper,Milk,Bread,Beer,Eggs,Chips,
Diaper,Milk,Eggs,Coke,Butter,Beer,
Diaper,Coke,,,,,
Butter,Bread,,,,,
Coke,Chips,Eggs,Beer,Butter,,
Eggs,Butter,Diaper,,,,
Chips,Coke,Beer,,,,
Butter,Milk,Diaper,Eggs,,,
Beer,Bread,Butter,Milk,,,
Eggs,Beer,Coke,Butter,,,
Diaper,Coke,Milk,,,,
Coke,Eggs,Beer,Butter,,,
Butter,Coke,Beer,Milk,,,
Butter,Bread,,,,,
Diaper,Butter,Chips,Bread,Milk,Coke,
Butter,Eggs,Chips,Bread,,,
Diaper,Eggs,,,,,
Eggs,Beer,,,,,
Coke,Chips,Eggs,Butter,Diaper,Beer,
Chips,Diaper,,,,,
Coke,Diaper,Beer,Eggs,Milk,Bread,
Eggs,Bread,Butter,Diaper,Chips,,
Eggs,Beer,Chips,Butter,,,
Chips,Milk,Diaper,Eggs,Coke,,
Chips,Coke,Eggs,,,,
Butter,Beer,Chips,Bread,Coke,Milk,
Bread,Milk,Diaper,Chips,Coke,,
Eggs,Diaper,Bread,Milk,Beer,Coke,
Eggs,Beer,Chips,Coke,Diaper,,
Coke,Eggs,,,,,
Bread,Butter,Beer,Diaper,,,
Butter,Chips,Milk,Diaper,,,
Diaper,Chips,Milk,Eggs,Bread,Beer,
Eggs,Butter,Coke,,,,
Milk,Coke,Beer,Diaper,Bread,Chips,
Eggs,Bread,Butter,Coke,Beer,,
Chips,Coke,Butter,Eggs,,,
Beer,Milk,Diaper,Bread,,,
Chips,Milk,Beer,Bread,Eggs,Butter,
Bread,Beer,Coke,,,,
Beer,Coke,,,,,
Chips,Milk,,,,,
Butter,Chips,Coke,Milk,Beer,Eggs,
Beer,Bread,Coke,Eggs,,,
Chips,Bread,Butter,Beer,,,
Beer,Eggs,Bread,,,,
Bread,Diaper,Butter,Beer,Eggs,Chips,
Beer,Milk,Chips,Diaper,Eggs,Butter,
Butter,Milk,Coke,Chips,Eggs,,
Diaper,Chips,Butter,,,,
Diaper,Beer,,,,,
Butter,Milk,Chips,Bread,,,
Bread,Coke,Diaper,Beer,Chips,,
Butter,Chips,Milk,Coke,Beer,Bread,
Bread,Butter,,,,,
Milk,Beer,,,,,
Beer,Chips,Eggs,Bread,Milk,Butter,
Chips,Milk,Butter,Coke,Diaper,Eggs,
Eggs,Bread,Butter,Chips,Milk,Beer,
Beer,Chips,Diaper,Bread,,,
Milk,Diaper,Butter,Chips,Beer,Bread,
Chips,Diaper,,,,,
Diaper,Chips,Beer,Eggs,,,
Beer,Bread,,,,,
Milk,Coke,,,,,
Bread,Milk,,,,,
Diaper,Chips,Butter,Bread,Beer,,
Chips,Eggs,Milk,Bread,,,
Coke,Diaper,Milk,Butter,Chips,Eggs,
Beer,Eggs,Bread,Chips,Coke,,
Beer,Butter,Chips,Coke,Bread,,
Butter,Milk,Eggs,Chips,,,
Coke,Butter,Milk,Diaper,,,
Milk,Beer,Eggs,Chips,Butter,Bread,
Milk,Diaper,Chips,Bread,,,
Coke,Beer,Bread,Diaper,Milk,Chips,
Diaper,Butter,Coke,,,,
Diaper,Coke,,,,,
Butter,Beer,Milk,Diaper,Bread,,
Diaper,Bread,Chips,,,,
Coke,Butter,Eggs,Diaper,Milk,,
Coke,Chips,Milk,Diaper,Beer,Eggs,
Milk,Beer,Butter,,,,
Chips,Eggs,,,,,
Bread,Coke,,,,,
Chips,Coke,,,,,
Chips,Butter,Diaper,Beer,Eggs,,
Chips,Eggs,Bread,,,,
Diaper,Butter,Coke,Beer,Eggs,Bread,
Milk,Chips,,,,,
Eggs,Milk,,,,,
Diaper,Chips,Beer,Coke,Eggs,Butter,
Bread,Diaper,,,,,
Coke,Milk,Eggs,Butter,,,
Milk,Bread,Coke,,,,
Bread,Chips,Diaper,,,,
Diaper,Butter,Milk,Eggs,Chips,,
Bread,Butter,,,,,
Diaper,Coke,Beer,,,,
Butter,Bread,Eggs,Chips,,,
Coke,Chips,Milk,Eggs,Diaper,Bread,
Bread,Chips,Butter,Coke,Diaper,Beer,
Coke,Chips,,,,,
Chips,Bread,Beer,,,,
Eggs,Beer,Milk,Coke,Bread,Chips,
Diaper,Milk,Beer,Butter,,,
Milk,Eggs,Beer,Butter,,,
Milk,Beer,Coke,Butter,Diaper,Chips,
Bread,Diaper,Chips,,,,
Milk,Butter,Bread,Diaper,,,
Bread,Coke,Diaper,Eggs,,,
Butter,Milk,Diaper,Beer,Chips,,
Diaper,Milk,,,,,
Chips,Beer,Butter,Eggs,,,
Butter,Coke,Beer,Eggs,Bread,Chips,
Beer,Chips,Eggs,Milk,,,
Beer,Diaper,Bread,Eggs,,,
Bread,Chips,,,,,
Coke,Bread,Milk,Eggs,Chips,,
Milk,Beer,Diaper,,,,
Eggs,Bread,Butter,Beer,,,
Bread,Eggs,Butter,Chips,Beer,,
Chips,Coke,Eggs,Diaper,,,
Bread,Beer,Chips,,,,
Beer,Milk,,,,,
Diaper,Beer,Bread,Butter,Milk,,
Milk,Beer,Bread,,,,
Milk,Bread,Chips,Beer,Coke,,
Eggs,Butter,,,,,
Chips,Eggs,Diaper,Beer,,,
Diaper,Chips,Milk,Butter,,,
Coke,Eggs,,,,,
Eggs,Butter,,,,,
Eggs,Beer,,,,,
Milk,Beer,Eggs,Chips,,,
Milk,Chips,Diaper,Coke,Butter,,
Milk,Bread,,,,,
Milk,Bread,Beer,,,,
Bread,Milk,Beer,Butter,Chips,,
Bread,Chips,Diaper,Eggs,Butter,Coke,
Diaper,Beer,Coke,Bread,Eggs,Chips,
Chips,Eggs,Bread,Coke,Milk,,
Eggs,Chips,Butter,Diaper,Beer,,
Bread,Eggs,Beer,Milk,Coke,Chips,
Beer,Butter,,,,,
Beer,Butter,Milk,Chips,Coke,Diaper,
Coke,Diaper,Milk,Eggs,Bread,,
Bread,Beer,Butter,Coke,Diaper,Milk,
Bread,Beer,Milk,Chips,,,
Beer,Coke,Diaper,Chips,Eggs,Butter,
Milk,Coke,Bread,Diaper,,,
Bread,Chips,Diaper,Butter,Beer,,
Chips,Eggs,Coke,Bread,Beer,,
Milk,Chips,Diaper,Butter,,,
Bread,Beer,Chips,Diaper,Coke,Milk,
Butter,Eggs,,,,,
Eggs,Beer,Coke,Milk,Diaper,Bread,
Diaper,Milk,Coke,,,,
Chips,Coke,Butter,Bread,,,
Butter,Chips,,,,,
Bread,Eggs,Milk,Butter,Beer,Diaper,
Beer,Eggs,Diaper,,,,
Eggs,Diaper,Bread,Milk,Butter,,
Coke,Eggs,Milk,Butter,,,
Butter,Bread,Beer,Chips,,,
Diaper,Butter,Milk,Eggs,Coke,Bread,
Butter,Milk,Eggs,,,,
Eggs,Bread,Beer,Chips,Diaper,,
Chips,Butter,Beer,Bread,,,
Coke,Eggs,Chips,,,,
Beer,Milk,,,,,
Diaper,Chips,Bread,Beer,Eggs,Milk,
Butter,Diaper,Eggs,Chips,,,
Chips,Bread,Beer,Eggs,Diaper,,
Coke,Chips,Diaper,Milk,Eggs,,
Coke,Diaper,Bread,Beer,,,
Milk,Diaper,Butter,Chips,,,
Milk,Beer,Butter,Coke,Eggs,Diaper,
Chips,Butter,Eggs,Beer,Milk,Coke,
Eggs,Beer,Diaper,,,,
Butter,Bread,Coke,Eggs,Beer,Diaper,
Butter,Milk,Bread,Coke,Diaper,Eggs,
Butter,Coke,Milk,Diaper,Eggs,,
Chips,Coke,Butter,Eggs,Beer,,
Eggs,Diaper,Butter,Milk,,,
Butter,Beer,Coke,Diaper,Eggs,Milk,
Chips,Bread,Butter,Milk,Eggs,,
Coke,Chips,Bread,Beer,,,
Coke,Diaper,,,,,
Diaper,Bread,Milk,Chips,,,
Milk,Butter,Coke,,,,
Eggs,Butter,Coke,Beer,Bread,,
Eggs,Butter,Diaper,Beer,Coke,Chips,
Milk,Beer,,,,,
Diaper,Beer,Milk,,,,
Coke,Bread,Eggs,,,,
Milk,Diaper,Butter,Bread,Coke,,
Chips,Eggs,Beer,Butter,Bread,Coke,
Bread,Eggs,Chips,Diaper,Butter,,
Bread,Eggs,,,,,
Coke,Milk,Eggs,Chips,,,
Milk,Beer,Bread,Chips,Coke,,
Milk,Chips,Beer,Coke,Bread,,
Beer,Eggs,,,,,
Milk,Eggs,Diaper,Bread,Chips,Beer,
Butter,Coke,,,,,
Chips,Bread,Butter,,,,
Beer,Coke,Chips,Butter,Eggs,Milk,
Eggs,Diaper,,,,,
Beer,Butter,Coke,Chips,Bread,Diaper,
Eggs,Beer,Milk,Butter,Coke,,
Coke,Beer,,,,,
Butter,Eggs,Chips,Milk,,,
Beer,Eggs,Diaper,Butter,,,
Diaper,Beer,,,,,
Coke,Bread,,,,,
Bread,Chips,,,,,
Eggs,Butter,,,,,
Bread,Beer,Eggs,Diaper,Butter,Chips,
Coke,Chips,,,,,
Beer,Butter,,,,,
Diaper,Milk,Beer,Coke,,,
Diaper,Chips,Coke,Beer,,,
Bread,Chips,Diaper,,,,
Eggs,Coke,Bread,,,,
Bread,Eggs,,,,,
Chips,Coke,Diaper,,,,
Chips,Beer,Milk,,,,
Milk,Butter,Chips,Beer,Diaper,Bread,
Chips,Bread,Diaper,Beer,,,
Chips,Bread,,,,,
Milk,Bread,,,,,
Coke,Butter,Milk,Bread,Beer,Diaper,
Milk,Eggs,Bread,Diaper,Beer,,
Bread,Beer,Diaper,Milk,Butter,Eggs,
Bread,Milk,Butter,,,,
Beer,Diaper,Milk,Eggs,Coke,Butter,
Coke,Bread,Milk,Butter,,,
Bread,Chips,Butter,Coke,Beer,,
Butter,Diaper,Eggs,Bread,Milk,Beer,
Eggs,Chips,Diaper,Coke,Beer,,
Coke,Eggs,Bread,Milk,,,
Eggs,Bread,Milk,,,,
Milk,Beer,Diaper,Coke,Butter,Eggs,
Chips,Bread,Eggs,Coke,,,
Eggs,Beer,Coke,Milk,Bread,Chips,
Diaper,Beer,Chips,Bread,Milk,,
Diaper,Beer,,,,,
Milk,Coke,Chips,,,,
Beer,Diaper,Coke,,,,
Milk,Bread,Chips,,,,
Coke,Bread,,,,,
Butter,Milk,Eggs,Bread,,,
Coke,Eggs,Bread,Milk,Beer,Chips,
Beer,Chips,,,,,
Bread,Eggs,,,,,
Eggs,Chips,Diaper,Bread,Milk,,
Bread,Milk,,,,,
Beer,Diaper,Eggs,Butter,Chips,Bread,
Chips,Bread,Butter,Beer,,,
Chips,Butter,Eggs,Beer,Coke,,
Milk,Diaper,,,,,
Beer,Diaper,,,,,
Eggs,Butter,Beer,Milk,Diaper,,
Bread,Beer,Coke,Milk,Butter,,
Bread,Chips,Butter,Beer,Diaper,,
Bread,Butter,Diaper,Chips,Milk,Beer,
Chips,Diaper,,,,,
Butter,Coke,,,,,
Butter,Bread,Eggs,Coke,Beer,Diaper,
Diaper,Bread,Eggs,Butter,,,
Bread,Coke,Chips,,,,
Beer,Butter,Chips,Eggs,,,
Chips,Beer,Eggs,Bread,,,
Coke,Diaper,Bread,,,,
Diaper,Bread,,,,,
Milk,Butter,,,,,
Milk,Coke,Chips,Beer,Eggs,,
Diaper,Eggs,Milk,Coke,,,
Diaper,Eggs,Milk,Coke,,,
Beer,Chips,,,,,
Milk,Butter,Eggs,Diaper,Coke,,
Eggs,Beer,Coke,Milk,Chips,Butter,
Milk,Chips,Coke,Diaper,Bread,,
Beer,Diaper,Eggs,Butter,Coke,,
Eggs,Milk,Beer,,,,
Diaper,Coke,Butter,,,,
Butter,Beer,Eggs,Milk,Coke,,
Chips,Butter,Coke,Milk,,,
Bread,Beer,Chips,Eggs,Butter,,
Coke,Beer,,,,,
Beer,Coke,Butter,Bread,Diaper,Eggs,
Beer,Butter,Eggs,Diaper,Bread,Coke,
Bread,Chips,Coke,Diaper,Milk,,
Chips,Butter,,,,,
Chips,Bread,Coke,Diaper,Butter,Beer,
Chips,Milk,,,,,
Eggs,Diaper,Beer,Butter,Chips,Coke,
Bread,Coke,Beer,Eggs,Butter,,
Coke,Milk,Butter,Beer,Diaper,Eggs,
Coke,Butter,Bread,Eggs,Diaper,Chips,
Milk,Bread,Butter,Beer,,,
Diaper,Eggs,Butter,Milk,,,
Diaper,Eggs,Coke,Beer,Bread,Chips,
Diaper,Chips,Bread,Eggs,Milk,,
Bread,Eggs,,,,,
Chips,Diaper,Butter,,,,
Diaper,Butter,Eggs,Chips,Milk,Beer,
Milk,Butter,Eggs,Chips,Beer,,
Coke,Eggs,,,,,
Coke,Milk,Eggs,Beer,Chips,Diaper,
Bread,Butter,Coke,,,,
Eggs,Beer,Milk,Coke,Bread,Chips,
Diaper,Milk,Bread,,,,
Beer,Bread,Diaper,Butter,,,
Coke,Butter,Milk,Beer,Eggs,,
Diaper,Chips,,,,,
Beer,Diaper,Milk,Butter,Eggs,,
Coke,Eggs,,,,,
Eggs,Coke,,,,,
Beer,Chips,Diaper,Butter,Milk,Bread,
Eggs,Butter,Diaper,Chips,,,
Bread,Eggs,Diaper,Beer,,,
Butter,Bread,,,,,
Bread,Eggs,Milk,Diaper,Butter,Beer,
Coke,Eggs,Butter,Milk,Diaper,Bread,
Eggs,Milk,,,,,
Milk,Beer,Eggs,Chips,Coke,Butter,
Eggs,Milk,Chips,Butter,,,
Milk,Beer,Coke,,,,
Coke,Beer,Chips,,,,
Coke,Milk,Chips,,,,
Coke,Bread,Eggs,Milk,Beer,,
Diaper,Eggs,Bread,Milk,,,
Chips,Diaper,Bread,Milk,Beer,Butter,
Eggs,Bread,,,,,
Milk,Beer,,,,,
Milk,Butter,Chips,Diaper,,,
Eggs,Butter,Beer,Bread,Chips,,
Milk,Chips,Butter,Bread,Beer,,
Diaper,Milk,Eggs,,,,
Butter,Coke,Chips,Diaper,Bread,Milk,
Bread,Butter,Beer,Diaper,Milk,,
Milk,Diaper,Eggs,Beer,Butter,,
Butter,Eggs,Coke,Diaper,Chips,Beer,
Beer,Coke,Chips,Eggs,Diaper,,
Milk,Eggs,Coke,Beer,Butter,,
Beer,Coke,Bread,Milk,Butter,,
Eggs,Butter,Bread,Chips,,,
Coke,Butter,,,,,
Beer,Coke,Diaper,Eggs,,,
Beer,Milk,Bread,,,,
Eggs,Beer,Chips,Coke,Butter,Bread,
Coke,Bread,Diaper,Butter,,,
Eggs,Butter,,,,,
Bread,Butter,Beer,Diaper,Milk,,
Bread,Butter,Diaper,Coke,Beer,Chips,
Butter,Eggs,Coke,Diaper,Bread,Milk,
Beer,Chips,Milk,Butter,Bread,,
Butter,Bread,Milk,,,,
Milk,Butter,Bread,Eggs,,,
Coke,Diaper,,,,,
Butter,Diaper,Chips,Milk,Eggs,Coke,
Diaper,Chips,,,,,
Butter,Beer,Diaper,Milk,Chips,,
Bread,Chips,Eggs,Beer,Milk,Butter,
Beer,Milk,Diaper,Chips,Eggs,Bread,
Eggs,Butter,Beer,Chips,,,
Bread,Milk,Butter,Chips,Eggs,Diaper,
Chips,Bread,Diaper,Milk,Coke,Butter,
Diaper,Eggs,Butter,Bread,Chips,,
Butter,Beer,Coke,Milk,,,
Coke,Beer,Eggs,Butter,,,
Beer,Chips,Diaper,Bread,Milk,Coke,
Beer,Butter,Diaper,Coke,,,
Eggs,Diaper,,,,,
Beer,Chips,Eggs,Bread,,,
Diaper,Eggs,Beer,Chips,,,
Bread,Eggs,,,,,
Milk,Coke,Diaper,,,,
Beer,Chips,Milk,,,,
Bread,Diaper,Butter,,,,
Bread,Eggs,Diaper,Chips,,,
Eggs,Bread,,,,,
Eggs,Butter,Beer,Chips,Diaper,Milk,
Eggs,Butter,Beer,Milk,,,
Diaper,Eggs,Bread,,,,
Milk,Butter,Eggs,,,,
Milk,Eggs,Bread,Chips,Diaper,,
Butter,Milk,Coke,Bread,Chips,Diaper,
Bread,Eggs,Beer,Coke,,,
Butter,Coke,Beer,Eggs,,,
Diaper,Chips,Butter,Beer,,,
Milk,Chips,Beer,Diaper,Bread,Eggs,
Coke,Beer,Butter,Milk,Eggs,Chips,
Bread,Coke,Chips,Eggs,,,
Beer,Bread,,,,,
Diaper,Bread,,,,,
Beer,Butter,,,,,
Beer,Milk,Bread,Coke,,,
Butter,Chips,Milk,Coke,Beer,Diaper,
Bread,Coke,Beer,,,,
Butter,Beer,,,,,
Beer,Chips,Milk,,,,
Beer,Coke,Milk,Bread,Chips,Butter,
Diaper,Beer,,,,,
Butter,Beer,,,,,
Diaper,Butter,Beer,Milk,,,
Coke,Beer,,,,,
Diaper,Coke,,,,,
Beer,Butter,Milk,Diaper,Chips,,
Butter,Bread,Beer,Milk,Chips,,
Coke,Bread,Beer,,,,
Chips,Beer,,,,,
Beer,Eggs,Milk,Chips,Butter,,
Bread,Eggs,Chips,,,,
Coke,Diaper,Bread,,,,
Coke,Milk,Butter,,,,
Milk,Butter,Bread,Beer,Coke,Diaper,
Coke,Eggs,,,,,
Bread,Coke,Diaper,Butter,Chips,,
Coke,Beer,Eggs,Milk,,,
Coke,Milk,Beer,,,,
Chips,Eggs,Milk,Diaper,Coke,Bread,
Bread,Milk,Chips,Butter,,,
Butter,Beer,Eggs,Milk,,,
Chips,Coke,Milk,,,,
Milk,Eggs,,,,,
Bread,Coke,Diaper,Milk,Butter,,
Milk,Diaper,Beer,Butter,,,
Beer,Milk,,,,,
Diaper,Butter,Eggs,Milk,,,
Bread,Beer,Eggs,Coke,Diaper,,
Beer,Chips,Milk,Bread,Butter,Eggs,
Butter,Diaper,Bread,Beer,Eggs,Coke,
Diaper,Eggs,Coke,,,,
Bread,Diaper,,,,,
Eggs,Diaper,Beer,,,,
Beer,Eggs,Milk,Bread,Coke,,
Beer,Eggs,Chips,Coke,Bread,,
Butter,Beer,Chips,Coke,Diaper,Eggs,
Butter,Chips,Coke,Milk,Beer,,
Butter,Bread,Coke,Milk,Diaper,Chips,
Eggs,Beer,Coke,Butter,Diaper,,
Eggs,Diaper,Beer,,,,
Eggs,Bread,Beer,Coke,,,
Coke,Bread,,,,,
Chips,Butter,,,,,
Bread,Diaper,Coke,,,,
Eggs,Butter,Diaper,Coke,,,
Chips,Milk,Eggs,Beer,,,
Diaper,Milk,Eggs,,,,
Chips,Eggs,Diaper,,,,
Chips,Milk,Beer,,,,
Coke,Eggs,,,,,
Chips,Beer,Eggs,,,,
Bread,Chips,Milk,Coke,Diaper,,
Eggs,Diaper,,,,,
Butter,Coke,Beer,Bread,,,
Butter,Chips,Diaper,Eggs,Coke,Bread,
Diaper,Coke,Chips,,,,
Coke,Diaper,,,,,
Eggs,Butter,Bread,,,,
Beer,Eggs,Butter,Milk,Diaper,Coke,
Butter,Coke,Eggs,Bread,Diaper,Beer,
Chips,Butter,,,,,
Eggs,Milk,Diaper,Butter,,,
Beer,Eggs,Coke,Milk,,,
Chips,Diaper,Eggs,Beer,Butter,,
Beer,Diaper,Bread,Butter,,,
Coke,Bread,Chips,Milk,Eggs,Butter,
Bread,Beer,Milk,,,,
Beer,Milk,Bread,Butter,Chips,,
Bread,Butter,Diaper,Milk,Eggs,,
Milk,Chips,Bread,Butter,Coke,,
Coke,Butter,Chips,Milk,Beer,Eggs,
Butter,Beer,Diaper,Milk,,,
Diaper,Bread,Eggs,Chips,Milk,Coke,
Beer,Coke,Butter,Milk,,,
Milk,Eggs,,,,,
Diaper,Eggs,Milk,Coke,Beer,Chips,
Eggs,Diaper,Bread,Chips,Milk,Coke,
Bread,Chips,Beer,Butter,Milk,Diaper,
Beer,Butter,Milk,,,,
Eggs,Diaper,,,,,
Chips,Coke,Milk,Diaper,Beer,Eggs,
Beer,Diaper,Coke,Chips,Milk,,
Butter,Chips,Milk,,,,
Chips,Bread,Butter,Milk,,,
Chips,Beer,Milk,Eggs,Diaper,,
Coke,Beer,Bread,Butter,Chips,,
Chips,Butter,Eggs,Coke,Beer,,
Milk,Chips,Coke,Diaper,Eggs,Bread,
Chips,Butter,,,,,
Bread,Beer,Chips,,,,
Eggs,Diaper,,,,,
Coke,Butter,Chips,,,,
Milk,Eggs,Bread,Butter,Coke,,
Butter,Milk,Beer,,,,
Eggs,Beer,Milk,,,,
Diaper,Bread,Coke,Chips,,,
Diaper,Butter,Bread,Beer,Milk,,
Diaper,Bread,Chips,Beer,Coke,Eggs,
Diaper,Milk,Butter,Coke,Eggs,,
Beer,Diaper,Butter,Milk,Coke,Bread,
Eggs,Milk,Beer,Bread,Butter,,
Bread,Milk,Beer,Eggs,Diaper,Chips,
Butter,Eggs,,,,,
Chips,Eggs,Bread,Butter,Coke,,
Butter,Chips,Eggs,,,,
Coke,Milk,Beer,Butter,,,
Eggs,Beer,Chips,Coke,Milk,,
Chips,Coke,Eggs,Diaper,,,
Bread,Coke,Butter,Eggs,Chips,Diaper,
Bread,Diaper,Chips,Eggs,,,
Chips,Coke,Butter,,,,
Beer,Chips,Eggs,Coke,,,
Chips,Milk,Butter,Coke,Beer,,
Diaper,Coke,Butter,,,,
Butter,Diaper,Bread,Beer,Eggs,Coke,
Chips,Milk,Bread,Coke,Butter,Beer,
Coke,Butter,Diaper,Bread,Eggs,Beer,
Milk,Diaper,Beer,,,,
Milk,Chips,Butter,Bread,Coke,Beer,
Coke,Bread,Beer,Eggs,Diaper,Chips,
Milk,Coke,Beer,Butter,Chips,,
Chips,Diaper,,,,,
Bread,Eggs,Coke,,,,
Milk,Chips,,,,,
Bread,Butter,,,,,
Chips,Beer,Coke,Milk,Bread,Butter,
Chips,Butter,Diaper,Beer,Bread,,
Butter,Bread,Milk,Chips,Beer,,
Butter,Bread,Milk,Chips,Beer,,
Beer,Diaper,Butter,,,,
Butter,Diaper,Eggs,Beer,,,
Bread,Chips,Coke,Beer,Butter,Milk,
Butter,Coke,Chips,Diaper,,,
Butter,Beer,Eggs,Milk,Coke,Bread,
Coke,Diaper,Beer,Butter,,,
Beer,Diaper,Milk,Chips,Coke,,
Bread,Beer,Butter,Eggs,,,
Butter,Chips,,,,,
Butter,Bread,,,,,
Milk,Eggs,,,,,
Beer,Milk,Eggs,Chips,Coke,,
Diaper,Milk,Beer,Coke,,,
Butter,Coke,Eggs,,,,
Eggs,Diaper,Coke,Milk,,,
Beer,Milk,,,,,
Beer,Eggs,,,,,
Chips,Beer,Bread,Coke,Eggs,,
Chips,Coke,Bread,,,,
Diaper,Beer,Eggs,Coke,Chips,,
Eggs,Bread,Butter,Chips,Beer,Milk,
Eggs,Chips,Coke,Bread,,,
Coke,Butter,Diaper,Beer,Milk,,
Chips,Diaper,Milk,Beer,Butter,Bread,
Milk,Eggs,Bread,,,,
Diaper,Butter,Chips,Milk,,,
Milk,Bread,,,,,
Milk,Beer,,,,,
Coke,Butter,,,,,
Butter,Milk,,,,,
Coke,Diaper,Butter,,,,
Coke,Eggs,,,,,
Diaper,Coke,Beer,Chips,Eggs,,
Bread,Butter,,,,,
Bread,Chips,,,,,
Butter,Diaper,Milk,,,,
Bread,Eggs,,,,,
Chips,Milk,Eggs,,,,
Eggs,Butter,Chips,Milk,Coke,,
Eggs,Diaper,,,,,
Eggs,Bread,Diaper,,,,
Bread,Chips,Milk,Beer,Butter,Eggs,
Bread,Diaper,Coke,,,,
Diaper,Eggs,Milk,Beer,,,
Coke,Bread,,,,,
Coke,Bread,Beer,Butter,Eggs,,
Milk,Chips,Bread,Diaper,Eggs,Beer,
Butter,Milk,Eggs,,,,
Milk,Chips,Diaper,Butter,,,
Diaper,Bread,Coke,,,,
Milk,Bread,Eggs,Beer,,,
Diaper,Butter,Coke,Eggs,Beer,Chips,
Coke,Diaper,Beer,,,,
Butter,Bread,Milk,Beer,Coke,,
Chips,Coke,,,,,
Diaper,Bread,Beer,Coke,Eggs,,
Diaper,Chips,Bread,Beer,,,
Eggs,Butter,Beer,,,,
Coke,Butter,,,,,
Chips,Eggs,Beer,Milk,Bread,,
Coke,Diaper,,,,,
Chips,Diaper,Coke,Beer,,,
Beer,Butter,,,,,
Bread,Eggs,Milk,,,,
Chips,Beer,Diaper,Milk,Coke,Bread,
Coke,Bread,Diaper,,,,
Milk,Diaper,Chips,,,,
Coke,Diaper,,,,,
Bread,Beer,Coke,Chips,Milk,,
Chips,Butter,,,,,
Chips,Coke,Bread,Milk,Eggs,Beer,
Butter,Coke,Beer,Bread,Eggs,Chips,
Eggs,Coke,Diaper,,,,
Eggs,Diaper,Milk,Bread,Chips,Butter,
Bread,Beer,,,,,
Bread,Eggs,Diaper,Butter,Chips,Coke,
Coke,Beer,Bread,,,,
Milk,Beer,,,,,
Milk,Bread,Eggs,Chips,Coke,Diaper,
Coke,Bread,Beer,Diaper,,,
Bread,Chips,,,,,
Beer,Milk,Eggs,Chips,Diaper,Coke,
Bread,Coke,Eggs,Diaper,,,
Diaper,Butter,Milk,Coke,Chips,Beer,
Beer,Chips,Milk,Diaper,Coke,,
Diaper,Beer,Eggs,,,,
Milk,Butter,Coke,Beer,Eggs,,
Diaper,Milk,Coke,,,,
Eggs,Butter,Beer,Coke,Diaper,Chips,
Bread,Chips,Coke,Diaper,Butter,Beer,
Chips,Milk,Coke,Diaper,Butter,,
Coke,Milk,Eggs,Chips,,,
Beer,Butter,Bread,Chips,,,
Diaper,Butter,Bread,Chips,,,
Butter,Coke,Diaper,Chips,Eggs,,
Chips,Diaper,,,,,
Chips,Eggs,Bread,Coke,,,
Chips,Diaper,Beer,Bread,Butter,Coke,
Bread,Chips,Coke,Eggs,,,
Butter,Beer,Milk,,,,
Bread,Eggs,,,,,
Eggs,Chips,Milk,,,,
Diaper,Bread,Beer,,,,
Chips,Milk,Eggs,,,,
Eggs,Bread,Beer,Coke,,,
Coke,Eggs,Milk,Beer,Bread,,
Chips,Diaper,Milk,Eggs,Bread,,
Coke,Bread,Milk,Beer,,,
Milk,Beer,,,,,
Bread,Eggs,Beer,Milk,,,
Bread,Butter,Eggs,Chips,Beer,Diaper,
Bread,Eggs,Diaper,Milk,,,
Chips,Butter,Bread,Eggs,Diaper,Milk,
Diaper,Milk,Bread,Chips,Beer,,
Milk,Bread,Butter,Chips,,,
Bread,Diaper,Milk,Beer,Eggs,Chips,
Chips,Milk,,,,,
Eggs,Milk,Beer,,,,
Diaper,Butter,Bread,Beer,,,
Coke,Beer,Eggs,,,,
Bread,Beer,Coke,Milk,Eggs,,
Bread,Coke,Chips,Butter,Milk,,
Milk,Beer,Coke,Eggs,,,
Butter,Beer,Bread,Coke,Chips,,
Chips,Milk,Eggs,Butter,Coke,Bread,
Coke,Butter,,,,,
Milk,Bread,Eggs,,,,
Chips,Bread,Beer,Diaper,Milk,,
Chips,Bread,Coke,Eggs,,,
Chips,Bread,,,,,
Milk,Coke,Diaper,Chips,Bread,,
Bread,Eggs,Diaper,Butter,Beer,,
Beer,Chips,,,,,
Bread,Coke,Beer,Eggs,Chips,Butter,
Eggs,Butter,,,,,
Beer,Diaper,,,,,
Beer,Milk,Eggs,Coke,,,
Diaper,Butter,Chips,,,,
Chips,Beer,Diaper,Eggs,,,
Chips,Butter,,,,,
Butter,Milk,Coke,Beer,Diaper,Eggs,
Beer,Butter,,,,,
Eggs,Milk,Diaper,Bread,Coke,,
Milk,Eggs,Coke,Butter,Chips,,
Coke,Butter,Chips,Diaper,,,
Beer,Coke,Milk,Butter,,,
Butter,Milk,,,,,
Chips,Beer,Milk,,,,
Bread,Chips,Butter,Diaper,,,
Bread,Coke,,,,,
Butter,Chips,Beer,Milk,Bread,,
Beer,Milk,Coke,,,,
Bread,Milk,Chips,Butter,Eggs,Diaper,
Diaper,Beer,,,,,
Coke,Chips,Diaper,Milk,Bread,,
Bread,Beer,Milk,Eggs,Diaper,Coke,
Diaper,Butter,Beer,Bread,Eggs,,
Eggs,Diaper,Coke,Bread,Butter,Milk,
Diaper,Chips,,,,,
Chips,Bread,Eggs,Coke,Beer,Diaper,
Bread,Chips,Coke,Eggs,Beer,Milk,
Butter,Diaper,,,,,
Eggs,Bread,,,,,
Chips,Coke,Eggs,Milk,Beer,,
Beer,Eggs,Butter,Coke,Chips,Bread,
Diaper,Milk,Bread,Butter,,,
Beer,Butter,,,,,
Butter,Chips,Milk,,,,
Beer,Butter,,,,,
Bread,Milk,Chips,,,,
Milk,Chips,,,,,
Diaper,Chips,Milk,Eggs,Butter,Bread,
Milk,Chips,Eggs,,,,
Chips,Coke,Milk,,,,
Beer,Eggs,Butter,,,,
Beer,Coke,Bread,Eggs,Milk,Chips,
Chips,Coke,Milk,Beer,Eggs,,
Diaper,Chips,Coke,Beer,,,
Eggs,Beer,Diaper,,,,
Diaper,Eggs,Milk,Chips,Butter,Beer,
Bread,Eggs,,,,,
Beer,Butter,Coke,Eggs,Bread,,
Butter,Diaper,Coke,Chips,Eggs,,
Butter,Chips,,,,,
Beer,Eggs,Diaper,,,,
Butter,Milk,Beer,,,,
Bread,Eggs,,,,,
Coke,Bread,,,,,
Milk,Coke,,,,,
Eggs,Chips,Milk,Bread,,,
Beer,Chips,Coke,Bread,,,
Butter,Chips,Diaper,Coke,,,
Coke,Butter,,,,,
Chips,Milk,Eggs,Diaper,Coke,Butter,
Coke,Diaper,,,,,
Beer,Butter,Chips,,,,
Milk,Beer,Bread,,,,
Butter,Eggs,Diaper,Chips,Milk,,
Butter,Bread,Coke,Chips,,,
Beer,Diaper,,,,,
Coke,Bread,Chips,Butter,Eggs,,
Milk,Chips,,,,,
Coke,Diaper,Bread,,,,
Milk,Diaper,Coke,Eggs,Butter,Beer,
Diaper,Bread,,,,,
Beer,Milk,,,,,
Milk,Chips,Beer,Coke,,,
Beer,Chips,Diaper,Coke,Bread,Milk,
Bread,Diaper,Beer,Butter,,,
Bread,Diaper,Chips,Milk,Beer,Coke,
Eggs,Chips,,,,,
Eggs,Milk,Diaper,,,,
Butter,Eggs,Diaper,Bread,,,
Beer,Chips,Bread,Diaper,Eggs,,
Beer,Coke,Butter,Bread,Eggs,,
Eggs,Chips,Butter,Milk,Beer,,
Chips,Beer,Diaper,,,,
Coke,Beer,Milk,Bread,Butter,Eggs,
Coke,Milk,Chips,Beer,Bread,,
Butter,Beer,,,,,
Eggs,Coke,Butter,Beer,Diaper,,
Bread,Butter,Eggs,Beer,Diaper,Coke,
Coke,Beer,Chips,Eggs,,,
Milk,Butter,,,,,
Milk,Eggs,Beer,Chips,Diaper,Coke,
Chips,Beer,Butter,,,,
Beer,Diaper,Butter,Chips,Milk,Coke,
Bread,Diaper,Chips,Eggs,,,
Milk,Eggs,Beer,,,,
Milk,Eggs,Bread,,,,
Eggs,Milk,Chips,,,,
Coke,Butter,Diaper,,,,
Eggs,Butter,,,,,
Bread,Chips,,,,,
Diaper,Bread,,,,,
Diaper,Beer,Milk,Coke,Chips,,
Diaper,Bread,Milk,Beer,,,
Butter,Beer,,,,,
Milk,Eggs,Bread,,,,
Beer,Butter,,,,,
Chips,Butter,Milk,Diaper,,,
Butter,Coke,Bread,Beer,,,
Milk,Chips,Bread,,,,
Chips,Coke,Eggs,Bread,Beer,Milk,
Butter,Chips,Eggs,,,,
Chips,Bread,Beer,Butter,Diaper,,
Coke,Diaper,,,,,
Coke,Butter,,,,,
Coke,Eggs,Milk,Butter,Bread,Diaper,
Butter,Coke,Chips,,,,
Chips,Eggs,Diaper,Beer,Milk,Coke,
Chips,Milk,,,,,
Eggs,Butter,Diaper,,,,
Milk,Chips,Bread,Eggs,Butter,Coke,
Chips,Bread,Butter,,,,
Bread,Diaper,Chips,,,,
Coke,Bread,Butter,Chips,,,
Butter,Diaper,Eggs,Beer,,,
Beer,Diaper,,,,,
Bread,Chips,Butter,,,,
Diaper,Eggs,Beer,,,,
Coke,Beer,Diaper,,,,
Milk,Bread,Diaper,Butter,Chips,Eggs,
Eggs,Diaper,Butter,Coke,,,
Butter,Chips,,,,,
Butter,Coke,Eggs,Chips,Milk,Bread,
